product_a,product_b,co_occurrence_count,support_a,support_b,support_ab,lift,pair_type
72755C - FLOWER FAIRY OIL BURNER SET ROSE,72755D - FLOWER FAIRY OIL BURNER SET SUMMER,10,0.0003855899526275201,0.0003580478131541258,0.00027542139473394294,1994.945054945055,Variant
84745A - PINK HANGING GINGHAM EASTER HEN,84745B - BLUE HANGING GINGHAM EASTER HEN,14,0.0004131320921009144,0.000468216371047703,0.0003855899526275201,1993.3803921568626,Variant
84984A - GREEN PEONY CUSHION COVER,84984B - RED PEONY CUSHION COVER,12,0.000468216371047703,0.00044067423157430867,0.0003305056736807315,1601.8235294117646,Variant
17109B - FLOWER FAIRY INCENSE LAVENDER,17109C - FLOWER FAIRY INCENSE ROSE,10,0.00044067423157430867,0.0004131320921009144,0.00027542139473394294,1512.8333333333335,Variant
37489A - YELLOW/PINK FLOWER DESIGN BIG MUG,37489B - BLUE/YELLOW FLOWER DESIGN BIG MUG,15,0.0006334692078880687,0.000468216371047703,0.0004131320921009144,1392.8900255754475,Variant
37489B - BLUE/YELLOW FLOWER DESIGN BIG MUG,37489D - PINK/GREEN FLOWER DESIGN BIG MUG,13,0.000468216371047703,0.0005508427894678859,0.0003580478131541258,1388.2470588235292,Variant
37489A - YELLOW/PINK FLOWER DESIGN BIG MUG,37489D - PINK/GREEN FLOWER DESIGN BIG MUG,17,0.0006334692078880687,0.0005508427894678859,0.000468216371047703,1341.817391304348,Variant
23429 - RED RETRO KITCHEN WALL CLOCK,23430 - BLUE RETRO KITCHEN WALL CLOCK,13,0.0006334692078880687,0.0004957585105210973,0.0003580478131541258,1140.1062801932367,Variant
20697 - LITTLE GREEN MONSTER SOFT TOY,20698 - LITTLE PINK MONSTER SOFT TOY,13,0.0005783849289412802,0.0005783849289412802,0.0003580478131541258,1070.3038548752834,Variant
DCGSSBOY - BOYS PARTY BAG,DCGSSGIRL - GIRLS PARTY BAG,14,0.0005783849289412802,0.0006334692078880687,0.0003855899526275201,1052.4057971014493,Variant
23017 - APOTHECARY MEASURING JAR,23018 - LARGE APOTHECARY MEASURING JAR,12,0.0006059270684146745,0.0005783849289412802,0.0003305056736807315,943.0649350649351,Variant
35838A - S/6 MULTICOLOUR ORNAMENETAL CANDLE,35838B - S/6 SILVER ORNAMENETAL CANDLE,11,0.0005508427894678859,0.0006334692078880687,0.0003029635342073372,868.2347826086957,Variant
47013A - WINE BOTTLE DRESSING LT.BLUE,47013C - WINE BOTTLE DRESSING DARK BLUE,16,0.0006885534868348573,0.0007436377657816459,0.00044067423157430867,860.6340740740741,Variant
23017 - APOTHECARY MEASURING JAR,23019 - SMALL APOTHECARY MEASURING JAR,14,0.0006059270684146745,0.0007711799052550402,0.0003855899526275201,825.1818181818181,Variant
23071 - MARIE ANTOINETTE TRINKET BOX GOLD,23072 - MARIE ANTOINETTE TRINKET BOX SILVER,12,0.0004957585105210973,0.0008262641842018288,0.0003305056736807315,806.8444444444444,Variant
23428 - IVORY RETRO KITCHEN WALL CLOCK,23430 - BLUE RETRO KITCHEN WALL CLOCK,13,0.0009088906026220116,0.0004957585105210973,0.0003580478131541258,794.6195286195286,Variant
16202A - PASTEL PINK PHOTO ALBUM,16202B - PASTEL BLUE PHOTO ALBUM,10,0.0005783849289412802,0.0006059270684146745,0.00027542139473394294,785.8874458874459,Variant
85185C - COW  SOCK PUPPET,85185F - LION SOCK PUPPET,11,0.0007436377657816459,0.0005233006499944916,0.0003029635342073372,778.5341130604288,Variant
21460 - GREEN EASTER EGG HUNT START POST,21461 - BLUE EASTER EGG HUNT START POST,13,0.0007436377657816459,0.0006334692078880687,0.0003580478131541258,760.0708534621579,Variant
37492C - GREEN BLUE FLOWER PIGGY BANK,37492D - PURPLE GREEN FLOWER PIGGY BANK,13,0.000661011347361463,0.0007160956263082516,0.0003580478131541258,756.4166666666667,Variant
90030B - RED KUKUI COCONUT SEED NECKLACE,90030C - BROWN KUKUI COCONUT SEED NECKLACE,12,0.0009915170210421946,0.00044067423157430867,0.0003305056736807315,756.4166666666666,Variant
85028L - FRENCH CHATEAU LARGE FRUIT BOWL,85028S - FRENCH CHATEAU SMALL FRUITBOWL,18,0.0007436377657816459,0.0009088906026220116,0.0004957585105210973,733.4949494949497,Variant
85162B - BLACK RETRODISC LAMPSHADE,85162C - WHITE RETRODISC LAMPSHADE,11,0.0003305056736807315,0.0012669384157761375,0.0003029635342073372,723.5289855072464,Variant
23428 - IVORY RETRO KITCHEN WALL CLOCK,23429 - RED RETRO KITCHEN WALL CLOCK,15,0.0009088906026220116,0.0006334692078880687,0.0004131320921009144,717.5494071146246,Variant
17090A - LAVENDER INCENSE 40 CONES IN TIN,17090D - VANILLA INCENSE 40 CONES IN TIN,14,0.0007160956263082516,0.0007711799052550402,0.0003855899526275201,698.2307692307692,Variant
90125B - AQUA BERTIE GLASS BEAD BAG CHARM,90125D - PURPLE BERTIE GLASS BEAD BAG CHARM,11,0.00044067423157430867,0.0009915170210421946,0.0003029635342073372,693.3819444444445,Variant
84531A - PINK KNITTED EGG COSY,84531B - BLUE KNITTED EGG COSY,36,0.0012393962763027433,0.0011567698578825603,0.0009915170210421946,691.5809523809523,Variant
23018 - LARGE APOTHECARY MEASURING JAR,23019 - SMALL APOTHECARY MEASURING JAR,11,0.0005783849289412802,0.0007711799052550402,0.0003029635342073372,679.2312925170068,Variant
72739B - WHITE CHOCOLATE SCENT CANDLE,72739C - DARK CHOCOLATE SCENTCANDLE,12,0.0007711799052550402,0.0006334692078880687,0.0003305056736807315,676.5465838509317,Variant
90160A - PURPLE BOUDICCA LARGE BRACELET,90160B - RED BOUDICCA LARGE BRACELET,13,0.0006885534868348573,0.0007987220447284345,0.0003580478131541258,651.0400000000001,Variant
47369A - PINK GREEN EMBROIDERY COSMETIC BAG,47369B - BLUE GREEN EMBROIDERY COSMETIC BAG,13,0.0006885534868348573,0.0007987220447284345,0.0003580478131541258,651.0400000000001,Variant
23455 - SMALL PARLOUR PICTURE FRAME,23456 - MEDIUM PARLOUR PICTURE FRAME,22,0.0009639748815688003,0.0009915170210421946,0.0006059270684146745,633.9492063492063,Variant
90125A - PINK BERTIE GLASS BEAD BAG CHARM,90125D - PURPLE BERTIE GLASS BEAD BAG CHARM,11,0.0004957585105210973,0.0009915170210421946,0.0003029635342073372,616.3395061728395,Variant
23474 - WOODLAND SMALL BLUE FELT HEART,23475 - WOODLAND SMALL PINK FELT HEART,19,0.0010190591605155888,0.000853806323675223,0.0005233006499944916,601.4402789886661,Variant
90082A - DIAMANTE BOW BROOCH GREEN COLOUR,90082B - DIAMANTE BOW BROOCH RED COLOUR,13,0.0008813484631486173,0.0006885534868348573,0.0003580478131541258,590.0050000000001,Variant
23456 - MEDIUM PARLOUR PICTURE FRAME,23457 - LARGE PARLOUR PICTURE FRAME,18,0.0009915170210421946,0.000853806323675223,0.0004957585105210973,585.6129032258065,Variant
84559a - 3D SHEET OF DOG STICKERS,84559b - 3D SHEET OF CAT STICKERS,16,0.0011016855789357718,0.0006885534868348573,0.00044067423157430867,580.928,Variant
37492B - BLUE YELLOW FLOWER PIGGY BANK,37492D - PURPLE GREEN FLOWER PIGGY BANK,18,0.001211854136829349,0.0007160956263082516,0.0004957585105210973,571.2797202797203,Variant
90160B - RED BOUDICCA LARGE BRACELET,90160C - TURQ+RED BOUDICCA LARGE BRACELET,20,0.0007987220447284345,0.001211854136829349,0.0005508427894678859,569.0909090909091,Variant
46775A - BUBBLE GUM CHUNKY KNITTED THROW,46775E - CANDY POP CHUNKY KNITTED THROW,25,0.0008813484631486173,0.001404649113143109,0.0006885534868348573,556.1887254901961,Variant
84870B - BLUE GEISHA GIRL,84870C - GREEN GEISHA GIRL,25,0.0011016855789357718,0.001129227718409166,0.0006885534868348573,553.4756097560976,Variant
23473 - WOODLAND SMALL RED FELT HEART,23475 - WOODLAND SMALL PINK FELT HEART,24,0.001404649113143109,0.000853806323675223,0.000661011347361463,551.1650853889943,Variant
90160B - RED BOUDICCA LARGE BRACELET,90160D - PINK BOUDICCA LARGE BRACELET,11,0.0007987220447284345,0.0006885534868348573,0.0003029635342073372,550.88,Variant
21459 - YELLOW EASTER EGG HUNT START POST,21460 - GREEN EASTER EGG HUNT START POST,18,0.001211854136829349,0.0007436377657816459,0.0004957585105210973,550.1212121212121,Variant
37492B - BLUE YELLOW FLOWER PIGGY BANK,37492C - GREEN BLUE FLOWER PIGGY BANK,16,0.001211854136829349,0.000661011347361463,0.00044067423157430867,550.121212121212,Variant
23473 - WOODLAND SMALL RED FELT HEART,23474 - WOODLAND SMALL BLUE FELT HEART,28,0.001404649113143109,0.0010190591605155888,0.0007711799052550402,538.7514573396927,Variant
84932C - SMALL ORIENTAL BLUE FOLDING STOOL,84932D - SMALL ORIENTAL RED FOLDING STOOL,10,0.000936432742095406,0.0005508427894678859,0.00027542139473394294,533.9411764705882,Variant
84859B - BLUE DISCO HANDBAG,84859C - PINK DISCO HANDBAG,10,0.0004957585105210973,0.0010741434394623774,0.00027542139473394294,517.2079772079773,Variant
85162A - SILVER RETRODISC LAMPSHADE,85162C - WHITE RETRODISC LAMPSHADE,13,0.0005508427894678859,0.0012669384157761375,0.0003580478131541258,513.0478260869565,Variant
90003B - ROSE COLOUR PAIR HEART HAIR SLIDES,90003C - MIDNIGHT BLUE PAIR HEART HAIR SLIDE,12,0.0006885534868348573,0.000936432742095406,0.0003305056736807315,512.5835294117646,Variant
21392 - RED POLKADOT PUDDING BOWL,21393 - BLUE POLKADOT PUDDING BOWL,29,0.001322022694722926,0.0011843119973559545,0.0007987220447284345,510.1414728682171,Variant
23324 - RUSTIC STRAWBERRY JAM POT LARGE,23325 - RUSTIC STRAWBERRY JAM POT SMALL,21,0.001211854136829349,0.000936432742095406,0.0005783849289412802,509.67112299465236,Variant
90000B - MIDNIGHT BLUE COPPER FLOWER NECKLAC,90000D - COPPER/OLIVE GREEN FLOWER NECKLACE,10,0.0005783849289412802,0.000936432742095406,0.00027542139473394294,508.515406162465,Variant
90122B - JADE CRYSTAL+GLASS BRACELET,90122C - TURQUOISE CRYSTAL+GLASS BRACELET,10,0.000661011347361463,0.0008262641842018288,0.00027542139473394294,504.2777777777778,Variant
90122A - PINK CRYSTAL+GLASS BRACELET,90122B - JADE CRYSTAL+GLASS BRACELET,10,0.0008262641842018288,0.000661011347361463,0.00027542139473394294,504.2777777777778,Variant
21459 - YELLOW EASTER EGG HUNT START POST,21461 - BLUE EASTER EGG HUNT START POST,14,0.001211854136829349,0.0006334692078880687,0.0003855899526275201,502.2845849802371,Variant
90160A - PURPLE BOUDICCA LARGE BRACELET,90160C - TURQ+RED BOUDICCA LARGE BRACELET,15,0.0006885534868348573,0.001211854136829349,0.0004131320921009144,495.1090909090909,Variant
90003C - MIDNIGHT BLUE PAIR HEART HAIR SLIDE,90003E - GREEN PAIR HEART HAIR SLIDES,10,0.000936432742095406,0.0006059270684146745,0.00027542139473394294,485.40106951871655,Variant
37479B - CUBIC MUG FLOCK BLUE ON BROWN,37479P - CUBIC MUG FLOCK PINK ON BROWN,14,0.0008813484631486173,0.0009088906026220116,0.0003855899526275201,481.3560606060606,Variant
90059C - DIAMANTE HAIR GRIP PACK/2 MONTANA,90059E - DIAMANTE HAIR GRIP PACK/2 RUBY,10,0.0006334692078880687,0.0009088906026220116,0.00027542139473394294,478.36627140974974,Variant
84797A - PINK HAWAIIAN PICNIC HAMPER FOR 4,84797B - BLUE SAVANNAH PICNIC HAMPER FOR 4,19,0.001211854136829349,0.0009088906026220116,0.0005233006499944916,475.1046831955924,Variant
81952B - ROUND BLUE CLOCK WITH SUCKER,81952V - ROUND PURPLE CLOCK WITH SUCKER,12,0.0005508427894678859,0.0012669384157761375,0.0003305056736807315,473.58260869565214,Variant
85160A - WHITE BIRD GARDEN DESIGN MUG,85160B - BLACK BIRD GARDEN DESIGN MUG,15,0.0008813484631486173,0.0009915170210421946,0.0004131320921009144,472.76041666666663,Variant
85049a - TRADITIONAL CHRISTMAS RIBBONS,85049e - SCANDINAVIAN REDS RIBBONS,40,0.001404649113143109,0.001680070507877052,0.0011016855789357718,466.83381549341044,Variant
84875B - GREEN SQUARE COMPACT MIRROR,84875D - BLUE SQUARE COMPACT MIRROR,19,0.0011016855789357718,0.0010190591605155888,0.0005233006499944916,466.1162162162163,Variant
35096A - BLUE VICTORIAN FABRIC HEART BOX,35096B - RED VICTORIAN FABRIC HEART BOX,16,0.0013771069736697146,0.0006885534868348573,0.00044067423157430867,464.7424,Variant
90081A - LILY BROOCH AMETHYST COLOUR,90081C - LILY BROOCH OLIVE COLOUR,11,0.000661011347361463,0.0009915170210421946,0.0003029635342073372,462.2546296296296,Variant
90195A - PURPLE GEMSTONE BRACELET,90195B - BLACK GEMSTONE BRACELET,14,0.001211854136829349,0.0006885534868348573,0.0003855899526275201,462.1018181818182,Variant
84908A - PINK 5 PATCH FLOWER CUSHION COVER,84908B - BLUE 5 PATCH FLOWER CUSHION COVER,16,0.0009915170210421946,0.0009639748815688003,0.00044067423157430867,461.0539682539682,Variant
90101 - WHITE FRANGIPANI NECKLACE,90103 - PURPLE FRANGIPANI NECKLACE,11,0.0007987220447284345,0.0008262641842018288,0.0003029635342073372,459.0666666666667,Variant
82607C - GLASS BONBON JAR. SUPERFINES,82607E - GLASS BONBON JAR. D'AMANDES,13,0.0011843119973559545,0.000661011347361463,0.0003580478131541258,457.3682170542636,Variant
90003B - ROSE COLOUR PAIR HEART HAIR SLIDES,90003D - CRYSTAL PAIR HEART HAIR SLIDES,10,0.0006885534868348573,0.0008813484631486173,0.00027542139473394294,453.8500000000001,Variant
90185A - AMBER DIAMANTE EXPANDABLE RING,90185B - AMETHYST DIAMANTE EXPANDABLE RING,11,0.0007160956263082516,0.000936432742095406,0.0003029635342073372,451.79638009049773,Variant
23481 - PEARLISED IVORY HEART SMALL,23482 - PEARLISED IVORY HEART LARGE,14,0.0007987220447284345,0.0010741434394623774,0.0003855899526275201,449.43589743589746,Variant
35916A - YELLOW FELT HANGING HEART W FLOWER,35916B - BLUE FELT HANGING HEART WITH FLOWER,25,0.001211854136829349,0.0012669384157761375,0.0006885534868348573,448.4683794466403,Variant
84932A - SMALL GREEN PEONY FOLDING STOOL,84932C - SMALL ORIENTAL BLUE FOLDING STOOL,10,0.000661011347361463,0.000936432742095406,0.00027542139473394294,444.9509803921569,Variant
90122A - PINK CRYSTAL+GLASS BRACELET,90122C - TURQUOISE CRYSTAL+GLASS BRACELET,11,0.0008262641842018288,0.0008262641842018288,0.0003029635342073372,443.7644444444445,Variant
85033G - SET/6 GOLD REINDEER T-LIGHT CANDLES,85033S - SET/6 SILVER REINDEER T-LIGHTS,19,0.0008813484631486173,0.0013495648341963205,0.0005233006499944916,439.95663265306126,Variant
23455 - SMALL PARLOUR PICTURE FRAME,23457 - LARGE PARLOUR PICTURE FRAME,13,0.0009639748815688003,0.000853806323675223,0.0003580478131541258,435.02672811059904,Variant
90160C - TURQ+RED BOUDICCA LARGE BRACELET,90160D - PINK BOUDICCA LARGE BRACELET,13,0.001211854136829349,0.0006885534868348573,0.0003580478131541258,429.0945454545455,Variant
90082B - DIAMANTE BOW BROOCH RED COLOUR,90082D - DIAMANTE BOW BROOCH BLACK COLOUR,15,0.0006885534868348573,0.001404649113143109,0.0004131320921009144,427.15294117647056,Variant
20784 - RED RETRO BAR STOOL,20787 - BLUE RETRO BAR STOOL,12,0.0009915170210421946,0.0007987220447284345,0.0003305056736807315,417.3333333333333,Variant
90129D - AMBER GLASS TASSLE BAG CHARM,90129E - PURPLE GLASS TASSLE BAG CHARM,23,0.000936432742095406,0.0016249862289302633,0.0006334692078880687,416.29312063808567,Variant
22655 - VINTAGE RED KITCHEN CABINET,22656 - VINTAGE BLUE KITCHEN CABINET,16,0.0012944805552495319,0.000853806323675223,0.00044067423157430867,398.71516815374054,Variant
84597B - RETRO BROWN BALL ASHTRAY,84597C - RETRO PINK BALL ASHTRAY,13,0.0007436377657816459,0.001211854136829349,0.0003580478131541258,397.3097643097643,Variant
20784 - RED RETRO BAR STOOL,20786 - BLACK RETRO BAR STOOL,12,0.0009915170210421946,0.000853806323675223,0.0003305056736807315,390.4086021505376,Variant
84859A - SILVER DISCO HANDBAG,84859B - BLUE DISCO HANDBAG,11,0.001597444089456869,0.0004957585105210973,0.0003029635342073372,382.55555555555554,Variant
84927A - WAKE UP COCKEREL TILE HOOK,84927E - FLOWERS TILE HOOK,10,0.0009088906026220116,0.0007987220447284345,0.00027542139473394294,379.39393939393943,Variant
85230A - OPIUM SCENTED VOTIVE CANDLE,85230G - ORANGE VOTIVE CANDLE,23,0.001322022694722926,0.0012669384157761375,0.0006334692078880687,378.2083333333333,Variant
85179A - GREEN BITTY LIGHT CHAIN,85179C - PINK BITTY LIGHT CHAIN,29,0.0019279497631376006,0.0011016855789357718,0.0007987220447284345,376.04714285714283,Variant
84997b - CHILDRENS CUTLERY RETROSPOT RED,84997c - CHILDRENS CUTLERY POLKADOT BLUE,66,0.002341081855238515,0.002065660460504572,0.0018177812052440233,375.89458823529407,Variant
35916B - BLUE FELT HANGING HEART WITH FLOWER,35916C - PINK FELT HANGING HEART W FLOWER,20,0.0012669384157761375,0.0011567698578825603,0.0005508427894678859,375.8592132505176,Variant
20862 - PINK PATCH PENCIL CASE BLUE HEART,20863 - BLUE PATCH PENCIL CASE PINK HEART,19,0.0010190591605155888,0.0013771069736697146,0.0005233006499944916,372.89297297297304,Variant
20818 - GOLD TEDDY BEAR,20819 - SILVER TEDDY BEAR,20,0.0008262641842018288,0.001790239065770629,0.0005508427894678859,372.3897435897436,Variant
84997c - CHILDRENS CUTLERY POLKADOT BLUE,84997d - CHILDRENS CUTLERY POLKADOT PINK,63,0.002065660460504572,0.002258455436818332,0.0017351547868238405,371.9356097560976,Variant
90185B - AMETHYST DIAMANTE EXPANDABLE RING,90185C - BLACK DIAMANTE EXPANDABLE RING,11,0.000936432742095406,0.0008813484631486173,0.0003029635342073372,367.0845588235294,Variant
90129D - AMBER GLASS TASSLE BAG CHARM,90129F - RED GLASS TASSLE BAG CHARM,14,0.000936432742095406,0.001129227718409166,0.0003855899526275201,364.64275466284073,Variant
23140 - TRIPLE WIRE HOOK IVORY HEART,23141 - TRIPLE WIRE HOOK PINK HEART,13,0.0014321912526165032,0.0006885534868348573,0.0003580478131541258,363.08,Variant
85230E - STRAWBRY SCENTED VOTIVE CANDLE,85230G - ORANGE VOTIVE CANDLE,30,0.0018177812052440233,0.0012669384157761375,0.0008262641842018288,358.7747035573123,Variant
90010A - MIDNIGHT BLUE GLASS/SILVER BRACELET,90010E - AMBER GLASS/SILVER BRACELET,10,0.0007987220447284345,0.0009639748815688003,0.00027542139473394294,357.7142857142857,Variant
90201A - PURPLE ENAMEL FLOWER RING,90201C - RED ENAMEL FLOWER RING,24,0.0014872755315632918,0.0012669384157761375,0.000661011347361463,350.8019323671498,Variant
84997b - CHILDRENS CUTLERY RETROSPOT RED,84997d - CHILDRENS CUTLERY POLKADOT PINK,67,0.002341081855238515,0.002258455436818332,0.0018453233447174176,349.01520803443333,Variant
"90214I - LETTER ""I"" BLING KEY RING","90214N - LETTER ""N"" BLING KEY RING",11,0.0007436377657816459,0.0011843119973559545,0.0003029635342073372,344.0034453057709,Variant
84952A - CLEAR LOVE BIRD T-LIGHT HOLDER,84952B - BLACK LOVE BIRD T-LIGHT HOLDER,16,0.0010741434394623774,0.001211854136829349,0.00044067423157430867,338.53613053613054,Variant
84661A - WHITE SQUARE TABLE CLOCK,84661C - PINK SQUARE TABLE CLOCK,10,0.0011843119973559545,0.0006885534868348573,0.00027542139473394294,337.7488372093024,Variant
90120A - PINK MURANO TWIST BRACELET,90120B - BLUE MURANO TWIST BRACELET,16,0.001129227718409166,0.0011567698578825603,0.00044067423157430867,337.35656213704993,Variant
90059A - DIAMANTE HAIR GRIP PACK/2 CRYSTAL,90059F - DIAMANTE HAIR GRIP PACK/2 LT ROSE,12,0.001322022694722926,0.0007436377657816459,0.0003305056736807315,336.1851851851852,Variant
85019B - BLOSSOM  IMAGES NOTEBOOK SET,85019C - CURIOUS  IMAGES NOTEBOOK SET,10,0.0012944805552495319,0.0006334692078880687,0.00027542139473394294,335.8741905642923,Variant
90129C - GREEN GLASS TASSLE BAG CHARM,90129D - AMBER GLASS TASSLE BAG CHARM,16,0.001404649113143109,0.000936432742095406,0.00044067423157430867,335.02191464821215,Variant
90120A - PINK MURANO TWIST BRACELET,90120D - WHITE MURANO TWIST BRACELET,15,0.001129227718409166,0.0011016855789357718,0.0004131320921009144,332.0853658536585,Variant
37444A - YELLOW BREAKFAST CUP AND SAUCER,37444B - BLUE BREAKFAST CUP AND SAUCER,11,0.0011843119973559545,0.0007711799052550402,0.0003029635342073372,331.717607973422,Variant
90129E - PURPLE GLASS TASSLE BAG CHARM,90129F - RED GLASS TASSLE BAG CHARM,22,0.0016249862289302633,0.001129227718409166,0.0006059270684146745,330.2091773460108,Variant
90129B - TURQUOISE GLASS TASSLE BAG CHARM,90129D - AMBER GLASS TASSLE BAG CHARM,19,0.001707612647350446,0.000936432742095406,0.0005233006499944916,327.25426944971537,Variant
23134 - LARGE ZINC HEART WALL ORGANISER,23135 - SMALL ZINC HEART WALL ORGANISER,15,0.0010190591605155888,0.0012393962763027433,0.0004131320921009144,327.0990990990991,Variant
21312 - LARGE CHUNKY GLASS ROMAN BOWL,21316 - SMALL CHUNKY GLASS ROMAN  BOWL,11,0.0007160956263082516,0.0012944805552495319,0.0003029635342073372,326.8314238952537,Variant
23040 - PAPER LANTERN 9 POINT SNOW STAR,23041 - PAPER LANTERN 9 POINT SNOW STAR,19,0.0011016855789357718,0.0014597333920898976,0.0005233006499944916,325.40188679245284,Variant
90120B - BLUE MURANO TWIST BRACELET,90120D - WHITE MURANO TWIST BRACELET,15,0.0011567698578825603,0.0011016855789357718,0.0004131320921009144,324.1785714285714,Variant
85019A - ROMANTIC IMAGES NOTEBOOK SET,85019C - CURIOUS  IMAGES NOTEBOOK SET,10,0.0013495648341963205,0.0006334692078880687,0.00027542139473394294,322.16503992901505,Variant
51020A - SUMMER FUN DESIGN SHOWER CAP,51020B - STRIPY DESIGN SHOWER CAP,25,0.0013495648341963205,0.0016249862289302633,0.0006885534868348573,313.97440332065025,Variant
84661B - BLACK SQUARE TABLE CLOCK,84661C - PINK SQUARE TABLE CLOCK,11,0.001404649113143109,0.0006885534868348573,0.0003029635342073372,313.24549019607844,Variant
37444B - BLUE BREAKFAST CUP AND SAUCER,37444C - PINK BREAKFAST CUP AND SAUCER,13,0.0007711799052550402,0.0014872755315632918,0.0003580478131541258,312.17195767195767,Variant
35915B - BLUE KNITTED HEN,35915C - PEACH KNITTED HEN,47,0.0018453233447174176,0.002258455436818332,0.0012944805552495319,310.60720786312345,Variant
85230A - OPIUM SCENTED VOTIVE CANDLE,85230E - STRAWBRY SCENTED VOTIVE CANDLE,27,0.001322022694722926,0.0018177812052440233,0.0007436377657816459,309.4431818181818,Variant
90201B - BLACK ENAMEL FLOWER RING,90201C - RED ENAMEL FLOWER RING,21,0.0014872755315632918,0.0012669384157761375,0.0005783849289412802,306.9516908212561,Variant
90013A - MIDNIGHT BLUE VINTAGE EARRINGS,90013D - PURPLE VINTAGE EARRINGS,11,0.0021207447394513607,0.000468216371047703,0.0003029635342073372,305.109243697479,Variant
85230A - OPIUM SCENTED VOTIVE CANDLE,85230F - JASMINE VOTIVE CANDLE,25,0.001322022694722926,0.001707612647350446,0.0006885534868348573,305.0067204301076,Variant
84859A - SILVER DISCO HANDBAG,84859C - PINK DISCO HANDBAG,19,0.001597444089456869,0.0010741434394623774,0.0005233006499944916,304.974358974359,Variant
90201C - RED ENAMEL FLOWER RING,90201D - GREEN ENAMEL FLOWER RING,22,0.0012669384157761375,0.0015699019499834748,0.0006059270684146745,304.6437833714721,Variant
90129A - PINK GLASS TASSLE BAG CHARM,90129E - PURPLE GLASS TASSLE BAG CHARM,36,0.0020105761815577836,0.0016249862289302633,0.0009915170210421946,303.4799164151381,Variant
21282 - NATURAL BARK CANDLE LARGE,21283 - NATURAL BARK CANDLE SMALL,46,0.0019004076236642062,0.002230913297344938,0.0012669384157761375,298.83127572016457,Variant
21268 - VINTAGE BLUE TINSEL REEL,21412 - VINTAGE GOLD TINSEL REEL,27,0.0013495648341963205,0.0018453233447174176,0.0007436377657816459,298.603716113311,Variant
90129B - TURQUOISE GLASS TASSLE BAG CHARM,90129C - GREEN GLASS TASSLE BAG CHARM,26,0.001707612647350446,0.001404649113143109,0.0007160956263082516,298.54775458570526,Variant
23218 - LAUREL STAR ANTIQUE GOLD,23219 - LAUREL STAR ANTIQUE SILVER,20,0.0011016855789357718,0.001680070507877052,0.0005508427894678859,297.60655737704917,Variant
90129A - PINK GLASS TASSLE BAG CHARM,90129B - TURQUOISE GLASS TASSLE BAG CHARM,37,0.0020105761815577836,0.001707612647350446,0.0010190591605155888,296.81749889527174,Variant
23138 - SINGLE WIRE HOOK IVORY HEART,23139 - SINGLE WIRE HOOK PINK HEART,18,0.002258455436818332,0.0007436377657816459,0.0004957585105210973,295.18699186991876,Variant
"90214C - LETTER ""C"" BLING KEY RING","90214I - LETTER ""I"" BLING KEY RING",15,0.0019004076236642062,0.0007436377657816459,0.0004131320921009144,292.33494363929145,Variant
35833G - 4 GOLD FLOCK CHRISTMAS BALLS,35833P - 4 PINK FLOCK CHRISTMAS BALLS,17,0.0009088906026220116,0.0017626969262972347,0.000468216371047703,292.251893939394,Variant
21030 - SPACE CADET RED,21031 - SPACE CADET BLACK,16,0.001404649113143109,0.0010741434394623774,0.00044067423157430867,292.07038712921064,Variant
20868 - SILVER FABRIC MIRROR,20869 - GOLD FABRIC MIRROR,30,0.001955491902610995,0.0014597333920898976,0.0008262641842018288,289.4605368057401,Variant
84563A - PINK & WHITE BREAKFAST TRAY,84563B - BLUE & WHITE BREAKFAST TRAY,29,0.001707612647350446,0.0016249862289302633,0.0007987220447284345,287.84363039912523,Variant
90129B - TURQUOISE GLASS TASSLE BAG CHARM,90129E - PURPLE GLASS TASSLE BAG CHARM,29,0.001707612647350446,0.0016249862289302633,0.0007987220447284345,287.84363039912523,Variant
21030 - SPACE CADET RED,21032 - SPACE CADET WHITE,20,0.001404649113143109,0.0013771069736697146,0.0005508427894678859,284.7686274509804,Variant
90201A - PURPLE ENAMEL FLOWER RING,90201D - GREEN ENAMEL FLOWER RING,24,0.0014872755315632918,0.0015699019499834748,0.000661011347361463,283.1033138401559,Variant
84661A - WHITE SQUARE TABLE CLOCK,84661B - BLACK SQUARE TABLE CLOCK,17,0.0011843119973559545,0.001404649113143109,0.000468216371047703,281.4573643410853,Variant
85230B - CINNAMON SCENTED VOTIVE CANDLE,85230G - ORANGE VOTIVE CANDLE,24,0.001872865484190812,0.0012669384157761375,0.000661011347361463,278.5780051150895,Variant
90129A - PINK GLASS TASSLE BAG CHARM,90129D - AMBER GLASS TASSLE BAG CHARM,19,0.0020105761815577836,0.000936432742095406,0.0005233006499944916,277.941982272361,Variant
84952B - BLACK LOVE BIRD T-LIGHT HOLDER,84952C - MIRROR LOVE BIRD T-LIGHT HOLDER,14,0.001211854136829349,0.0011567698578825603,0.0003855899526275201,275.06060606060606,Variant
35916A - YELLOW FELT HANGING HEART W FLOWER,35916C - PINK FELT HANGING HEART W FLOWER,14,0.001211854136829349,0.0011567698578825603,0.0003855899526275201,275.06060606060606,Variant
46775A - BUBBLE GUM CHUNKY KNITTED THROW,46775D - SUNSET COLOUR CHUNKY KNITTED THROW,23,0.0008813484631486173,0.0026165032499724577,0.0006334692078880687,274.6986842105264,Variant
"90214I - LETTER ""I"" BLING KEY RING","90214M - LETTER ""M"" BLING KEY RING",13,0.0007436377657816459,0.0017626969262972347,0.0003580478131541258,273.150462962963,Variant
90129A - PINK GLASS TASSLE BAG CHARM,90129C - GREEN GLASS TASSLE BAG CHARM,28,0.0020105761815577836,0.001404649113143109,0.0007711799052550402,273.06580714477565,Variant
84931A - PINK SCOTTIE DOG W FLOWER PATTERN,84931B - BLUE SCOTTIE DOG W FLOWER PATTERN,51,0.002258455436818332,0.0022859975762917263,0.001404649113143109,272.06993828974436,Variant
90129B - TURQUOISE GLASS TASSLE BAG CHARM,90129F - RED GLASS TASSLE BAG CHARM,19,0.001707612647350446,0.001129227718409166,0.0005233006499944916,271.381589299764,Variant
"84251B - GREETING CARD, STICKY GORDON","84251C - GREETING CARD, TWO SISTERS.",24,0.001680070507877052,0.0014597333920898976,0.000661011347361463,269.53046705845964,Variant
"90214B - LETTER ""B"" BLING KEY RING","90214G - LETTER ""G"" BLING KEY RING",14,0.0011016855789357718,0.001322022694722926,0.0003855899526275201,264.74583333333334,Variant
"90214I - LETTER ""I"" BLING KEY RING","90214L - LETTER ""L"" BLING KEY RING",13,0.0007436377657816459,0.0018453233447174176,0.0003580478131541258,260.9198452183527,Variant
90129C - GREEN GLASS TASSLE BAG CHARM,90129F - RED GLASS TASSLE BAG CHARM,15,0.001404649113143109,0.001129227718409166,0.0004131320921009144,260.45911047345766,Variant
72801E - 4 FESTIVE GREEN DINNER CANDLES,72801G - 4 BURGUNDY WINE DINNER CANDLES,11,0.000661011347361463,0.0017626969262972347,0.0003029635342073372,260.0182291666667,Variant
"90214S - LETTER ""S"" BLING KEY RING","90214Z - LETTER ""Z"" BLING KEY RING",11,0.002368623994711909,0.0004957585105210973,0.0003029635342073372,258.00258397932816,Variant
"90214J - LETTER ""J"" BLING KEY RING","90214V - LETTER ""V"" BLING KEY RING",15,0.002423708273658698,0.000661011347361463,0.0004131320921009144,257.86931818181813,Variant
90129A - PINK GLASS TASSLE BAG CHARM,90129F - RED GLASS TASSLE BAG CHARM,21,0.0020105761815577836,0.001129227718409166,0.0005783849289412802,254.7504176411627,Variant
"90214H - LETTER ""H"" BLING KEY RING","90214I - LETTER ""I"" BLING KEY RING",10,0.0014597333920898976,0.0007436377657816459,0.00027542139473394294,253.7246680642907,Variant
85019A - ROMANTIC IMAGES NOTEBOOK SET,85019B - BLOSSOM  IMAGES NOTEBOOK SET,16,0.0013495648341963205,0.0012944805552495319,0.00044067423157430867,252.24837168910113,Variant
"90214I - LETTER ""I"" BLING KEY RING","90214S - LETTER ""S"" BLING KEY RING",16,0.0007436377657816459,0.002368623994711909,0.00044067423157430867,250.18432385874246,Variant
23408 - PHOTO FRAME LINEN AND LACE SMALL,23409 - PHOTO FRAME LINEN AND LACE LARGE,17,0.0016249862289302633,0.0011567698578825603,0.000468216371047703,249.0863599677159,Variant
16169C - WRAP BLUE REINDEER,16169F - WRAP BLIZZARD,10,0.0011843119973559545,0.000936432742095406,0.00027542139473394294,248.3447332421341,Variant
90201B - BLACK ENAMEL FLOWER RING,90201D - GREEN ENAMEL FLOWER RING,21,0.0014872755315632918,0.0015699019499834748,0.0005783849289412802,247.71539961013644,Variant
16014 - SMALL CHINESE STYLE SCISSOR,16015 - MEDIUM CHINESE STYLE SCISSOR,34,0.0021207447394513607,0.001790239065770629,0.000936432742095406,246.64775224775224,Variant
17165B - ASS COL LARGE SAND GECKO P'WEIGHT,17165D - ASS COL LARGE SAND FROG P'WEIGHT,34,0.0015699019499834748,0.002423708273658698,0.000936432742095406,246.10685805422648,Variant
84660A - WHITE STITCHED WALL CLOCK,84660B - BLACK STITCHED WALL CLOCK,21,0.001404649113143109,0.001680070507877052,0.0005783849289412802,245.0877531340405,Variant
85230A - OPIUM SCENTED VOTIVE CANDLE,85230B - CINNAMON SCENTED VOTIVE CANDLE,22,0.001322022694722926,0.001872865484190812,0.0006059270684146745,244.72303921568627,Variant
72801C - 4 ROSE PINK DINNER CANDLES,72801D - 4 SKY BLUE DINNER CANDLES,23,0.0015423598105100804,0.001680070507877052,0.0006334692078880687,244.4625292740047,Variant
16169N - WRAP BLUE RUSSIAN FOLKART,16169P - WRAP GREEN RUSSIAN FOLKART,18,0.0015423598105100804,0.001322022694722926,0.0004957585105210973,243.13392857142858,Variant
20694 - FLORAL PINK MONSTER,20695 - FLORAL BLUE MONSTER,22,0.0014872755315632918,0.001680070507877052,0.0006059270684146745,242.4942319368549,Variant
90129C - GREEN GLASS TASSLE BAG CHARM,90129E - PURPLE GLASS TASSLE BAG CHARM,20,0.001404649113143109,0.0016249862289302633,0.0005508427894678859,241.329345297441,Variant
84625A - PINK NEW BAROQUECANDLESTICK CANDLE,84625C - BLUE NEW BAROQUE CANDLESTICK CANDLE,38,0.002230913297344938,0.001955491902610995,0.0010466012999889832,239.90679881759695,Variant
84508B - STRIPES DESIGN TEDDY,84508C - BLUE CIRCLES DESIGN TEDDY,21,0.0020381183210311776,0.0011843119973559545,0.0005783849289412802,239.61910747957265,Variant
"90214C - LETTER ""C"" BLING KEY RING","90214P - LETTER ""P"" BLING KEY RING",15,0.0019004076236642062,0.0009088906026220116,0.0004131320921009144,239.18313570487484,Variant
72131 - COLUMBIAN CANDLE RECTANGLE,72133 - COLUMBIAN CANDLE RECTANGLE,11,0.0014872755315632918,0.000853806323675223,0.0003029635342073372,238.58303464755082,Variant
21375 - LARGE CAMPHOR WOOD FIELD MUSHROOM,21377 - SMALL CAMPHOR WOOD FIELD  MUSHROOM,39,0.001680070507877052,0.002699129668392641,0.0010741434394623774,236.870525259284,Variant
90201A - PURPLE ENAMEL FLOWER RING,90201B - BLACK ENAMEL FLOWER RING,19,0.0014872755315632918,0.0014872755315632918,0.0005233006499944916,236.57475994513032,Variant
47592A - CAROUSEL CHILDRENS OVERALL,47592B - SCOTTIE DOGS CHILDRENS OVERALL,19,0.0027817560868128237,0.0007987220447284345,0.0005233006499944916,235.52475247524754,Variant
79323G - GOLD  CHERRY LIGHTS,79323S - SILVER CHERRY LIGHTS,22,0.001680070507877052,0.0015423598105100804,0.0006059270684146745,233.8337236533958,Variant
16014 - SMALL CHINESE STYLE SCISSOR,16016 - LARGE CHINESE STYLE SCISSOR,52,0.0021207447394513607,0.002891924644706401,0.0014321912526165032,233.52084106369819,Variant
20854 - BLUE PATCH PURSE PINK HEART,20855 - PINK PATCH PURSE BLUE HEART,32,0.002947008923653189,0.0012944805552495319,0.0008813484631486173,231.0312189302048,Variant
"90214G - LETTER ""G"" BLING KEY RING","90214P - LETTER ""P"" BLING KEY RING",10,0.001322022694722926,0.0009088906026220116,0.00027542139473394294,229.2171717171717,Variant
85230F - JASMINE VOTIVE CANDLE,85230G - ORANGE VOTIVE CANDLE,18,0.001707612647350446,0.0012669384157761375,0.0004957585105210973,229.15287517531561,Variant
"90214S - LETTER ""S"" BLING KEY RING","90214V - LETTER ""V"" BLING KEY RING",13,0.002368623994711909,0.000661011347361463,0.0003580478131541258,228.6841085271318,Variant
"90214G - LETTER ""G"" BLING KEY RING","90214N - LETTER ""N"" BLING KEY RING",13,0.001322022694722926,0.0011843119973559545,0.0003580478131541258,228.6841085271318,Variant
"90214L - LETTER ""L"" BLING KEY RING","90214V - LETTER ""V"" BLING KEY RING",10,0.0018453233447174176,0.000661011347361463,0.00027542139473394294,225.7960199004975,Variant
"90214L - LETTER ""L"" BLING KEY RING","90214T - LETTER ""T"" BLING KEY RING",10,0.0018453233447174176,0.000661011347361463,0.00027542139473394294,225.7960199004975,Variant
20700 - GREEN CAT FLORAL CUSHION COVER,20701 - PINK CAT FLORAL CUSHION COVER,32,0.002836840365759612,0.0013771069736697146,0.0008813484631486173,225.60310679611652,Variant
"90214G - LETTER ""G"" BLING KEY RING","90214M - LETTER ""M"" BLING KEY RING",19,0.001322022694722926,0.0017626969262972347,0.0005233006499944916,224.5611979166667,Variant
21376 - LARGE  TALL CAMPHOR WOOD TOADSTOOL,21378 - SMALL TALL CAMPHOR WOOD TOADSTOOL,25,0.0012669384157761375,0.002423708273658698,0.0006885534868348573,224.23418972332016,Variant
"90214M - LETTER ""M"" BLING KEY RING","90214P - LETTER ""P"" BLING KEY RING",13,0.0017626969262972347,0.0009088906026220116,0.0003580478131541258,223.48674242424244,Variant
84970l - SINGLE HEART ZINC T-LIGHT HOLDER,84970s - HANGING HEART ZINC T-LIGHT HOLDER,39,0.001790239065770629,0.002699129668392641,0.0010741434394623774,222.29387755102036,Variant
85230E - STRAWBRY SCENTED VOTIVE CANDLE,85230F - JASMINE VOTIVE CANDLE,25,0.0018177812052440233,0.001707612647350446,0.0006885534868348573,221.82306940371458,Variant
"90214E - LETTER ""E"" BLING KEY RING","90214I - LETTER ""I"" BLING KEY RING",11,0.0018453233447174176,0.0007436377657816459,0.0003029635342073372,220.77833056937536,Variant
22345 - PARTY PIZZA DISH BLUE POLKADOT,22346 - PARTY PIZZA DISH GREEN POLKADOT,80,0.0035253938525944693,0.002836840365759612,0.0022033711578715435,220.31553398058256,Variant
"90214C - LETTER ""C"" BLING KEY RING","90214E - LETTER ""E"" BLING KEY RING",28,0.0019004076236642062,0.0018453233447174176,0.0007711799052550402,219.90568894657147,Variant
37444A - YELLOW BREAKFAST CUP AND SAUCER,37444C - PINK BREAKFAST CUP AND SAUCER,14,0.0011843119973559545,0.0014872755315632918,0.0003855899526275201,218.91128337639967,Variant
85230B - CINNAMON SCENTED VOTIVE CANDLE,85230E - STRAWBRY SCENTED VOTIVE CANDLE,27,0.001872865484190812,0.0018177812052440233,0.0007436377657816459,218.43048128342247,Variant
22344 - PARTY PIZZA DISH PINK POLKADOT,22346 - PARTY PIZZA DISH GREEN POLKADOT,82,0.003663104549961441,0.002836840365759612,0.002258455436818332,217.33381998686036,Variant
46775D - SUNSET COLOUR CHUNKY KNITTED THROW,46775E - CANDY POP CHUNKY KNITTED THROW,29,0.0026165032499724577,0.001404649113143109,0.0007987220447284345,217.32342621259028,Variant
84877B - GREEN ROUND COMPACT MIRROR,84877D - BLUE ROUND COMPACT MIRROR,11,0.0011843119973559545,0.0011843119973559545,0.0003029635342073372,216.0021633315306,Variant
"84251B - GREETING CARD, STICKY GORDON","84251G - GREETING CARD, OVERCROWDED POOL.",33,0.001680070507877052,0.0025063346920788806,0.0009088906026220116,215.84651414159612,Variant
"90214C - LETTER ""C"" BLING KEY RING","90214F - LETTER ""F"" BLING KEY RING",11,0.0019004076236642062,0.0007436377657816459,0.0003029635342073372,214.37895866881374,Variant
16015 - MEDIUM CHINESE STYLE SCISSOR,16016 - LARGE CHINESE STYLE SCISSOR,40,0.001790239065770629,0.002891924644706401,0.0011016855789357718,212.79413919413918,Variant
"90214B - LETTER ""B"" BLING KEY RING","90214N - LETTER ""N"" BLING KEY RING",10,0.0011016855789357718,0.0011843119973559545,0.00027542139473394294,211.093023255814,Variant
"90214M - LETTER ""M"" BLING KEY RING","90214N - LETTER ""N"" BLING KEY RING",16,0.0017626969262972347,0.0011843119973559545,0.00044067423157430867,211.09302325581396,Variant
72128 - COLUMBIAN CANDLE ROUND,72130 - COLUMBIAN CANDLE ROUND,29,0.002423708273658698,0.0015699019499834748,0.0007987220447284345,209.91467304625198,Variant
22344 - PARTY PIZZA DISH PINK POLKADOT,22345 - PARTY PIZZA DISH BLUE POLKADOT,98,0.003663104549961441,0.0035253938525944693,0.002699129668392641,209.00986842105266,Variant
90120B - BLUE MURANO TWIST BRACELET,90120C - GREEN MURANO TWIST BRACELET,14,0.0011567698578825603,0.001597444089456869,0.0003855899526275201,208.66666666666666,Variant
90059A - DIAMANTE HAIR GRIP PACK/2 CRYSTAL,90059D - DIAMANTE HAIR GRIP PACK/2 PERIDOT,11,0.001322022694722926,0.0011016855789357718,0.0003029635342073372,208.01458333333332,Variant
84926D - LA PALMIERA TILE COASTER,84926E - FLOWERS TILE COASTER,14,0.0012944805552495319,0.0014321912526165032,0.0003855899526275201,207.9836333878887,Variant
"90214H - LETTER ""H"" BLING KEY RING","90214P - LETTER ""P"" BLING KEY RING",10,0.0014597333920898976,0.0009088906026220116,0.00027542139473394294,207.5929102344197,Variant
"90214J - LETTER ""J"" BLING KEY RING","90214T - LETTER ""T"" BLING KEY RING",12,0.002423708273658698,0.000661011347361463,0.0003305056736807315,206.29545454545453,Variant
84926A - WAKE UP COCKEREL TILE COASTER,84926E - FLOWERS TILE COASTER,15,0.001404649113143109,0.0014321912526165032,0.0004131320921009144,205.36199095022621,Variant
21031 - SPACE CADET BLACK,21032 - SPACE CADET WHITE,11,0.0010741434394623774,0.0013771069736697146,0.0003029635342073372,204.814358974359,Variant
"90214M - LETTER ""M"" BLING KEY RING","90214R - LETTER ""R"" BLING KEY RING",18,0.0017626969262972347,0.0013771069736697146,0.0004957585105210973,204.23250000000004,Variant
23216 - LAUREL HEART ANTIQUE GOLD,23217 - LAUREL HEART ANTIQUE SILVER,24,0.001211854136829349,0.0026715875289192465,0.000661011347361463,204.16869728209934,Variant
21264 - WHITE GOOSE FEATHER TREE 60CM,21265 - PINK GOOSE FEATHER TREE 60CM,13,0.001872865484190812,0.000936432742095406,0.0003580478131541258,204.15397923875432,Variant
85185C - COW  SOCK PUPPET,85185D - FROG SOCK PUPPET,10,0.0007436377657816459,0.0018177812052440233,0.00027542139473394294,203.74859708193043,Variant
85169C - EAU DE NIL LOVE BIRD CANDLE,85169D - PINK LOVE BIRD CANDLE,35,0.001955491902610995,0.002423708273658698,0.0009639748815688003,203.3898847631242,Variant
"90214F - LETTER ""F"" BLING KEY RING","90214S - LETTER ""S"" BLING KEY RING",13,0.0007436377657816459,0.002368623994711909,0.0003580478131541258,203.27476313522826,Variant
"90214E - LETTER ""E"" BLING KEY RING","90214M - LETTER ""M"" BLING KEY RING",24,0.0018453233447174176,0.0017626969262972347,0.000661011347361463,203.21641791044777,Variant
84660B - BLACK STITCHED WALL CLOCK,84660C - PINK STITCHED WALL CLOCK,29,0.001680070507877052,0.002341081855238515,0.0007987220447284345,203.07270973963352,Variant
"90214N - LETTER ""N"" BLING KEY RING","90214R - LETTER ""R"" BLING KEY RING",12,0.0011843119973559545,0.0013771069736697146,0.0003305056736807315,202.6493023255814,Variant
84926D - LA PALMIERA TILE COASTER,84926F - PSYCHEDELIC TILE COASTER,11,0.0012944805552495319,0.0011567698578825603,0.0003029635342073372,202.3242147922999,Variant
"90214L - LETTER ""L"" BLING KEY RING","90214N - LETTER ""N"" BLING KEY RING",16,0.0018453233447174176,0.0011843119973559545,0.00044067423157430867,201.64109684137455,Variant
"90214F - LETTER ""F"" BLING KEY RING","90214L - LETTER ""L"" BLING KEY RING",10,0.0007436377657816459,0.0018453233447174176,0.00027542139473394294,200.70757324488667,Variant
"90214K - LETTER ""K"" BLING KEY RING","90214T - LETTER ""T"" BLING KEY RING",11,0.0022859975762917263,0.000661011347361463,0.0003029635342073372,200.495983935743,Variant
62096A - PINK/YELLOW FLOWERS HANDBAG,62096B - PURPLE/TURQ FLOWERS HANDBAG,40,0.002451250413132092,0.002258455436818332,0.0011016855789357718,199.0024664291587,Variant
"90214I - LETTER ""I"" BLING KEY RING","90214J - LETTER ""J"" BLING KEY RING",13,0.0007436377657816459,0.002423708273658698,0.0003580478131541258,198.65488215488216,Variant
"90214C - LETTER ""C"" BLING KEY RING","90214M - LETTER ""M"" BLING KEY RING",24,0.0019004076236642062,0.0017626969262972347,0.000661011347361463,197.32608695652175,Variant
72800C - 4 PINK DINNER CANDLE SILVER FLOCK,72800D - 4 BLUE DINNER CANDLES SILVER FLOCK,36,0.0021482868789247547,0.002341081855238515,0.0009915170210421946,197.1475113122172,Variant
"90214L - LETTER ""L"" BLING KEY RING","90214P - LETTER ""P"" BLING KEY RING",12,0.0018453233447174176,0.0009088906026220116,0.0003305056736807315,197.0583446404342,Variant
85180A - RED HEARTS LIGHT CHAIN,85180B - PINK HEARTS LIGHT CHAIN,36,0.002726671807866035,0.0018453233447174176,0.0009915170210421946,197.0583446404342,Variant
"90214D - LETTER ""D"" BLING KEY RING","90214G - LETTER ""G"" BLING KEY RING",13,0.0013771069736697146,0.001322022694722926,0.0003580478131541258,196.66833333333332,Variant
"90214N - LETTER ""N"" BLING KEY RING","90214S - LETTER ""S"" BLING KEY RING",20,0.0011843119973559545,0.002368623994711909,0.0005508427894678859,196.3656030286642,Variant
"90214C - LETTER ""C"" BLING KEY RING","90214L - LETTER ""L"" BLING KEY RING",25,0.0019004076236642062,0.0018453233447174176,0.0006885534868348573,196.3443651308674,Variant
23033 - DRAWER KNOB CERAMIC RED,23034 - DRAWER KNOB CERAMIC BLACK,35,0.0020381183210311776,0.002423708273658698,0.0009639748815688003,195.14434889434892,Variant
85124B - BLUE JUICY FRUIT PHOTO FRAME,85124C - GREEN JUICY FRUIT PHOTO FRAME,66,0.002809298226286218,0.0033325988762807094,0.0018177812052440233,194.16042780748663,Variant
"90214A - LETTER ""A"" BLING KEY RING","90214F - LETTER ""F"" BLING KEY RING",15,0.0028643825052330064,0.0007436377657816459,0.0004131320921009144,193.95299145299145,Variant
"90214A - LETTER ""A"" BLING KEY RING","90214I - LETTER ""I"" BLING KEY RING",15,0.0028643825052330064,0.0007436377657816459,0.0004131320921009144,193.95299145299145,Variant
"90214A - LETTER ""A"" BLING KEY RING","90214Z - LETTER ""Z"" BLING KEY RING",10,0.0028643825052330064,0.0004957585105210973,0.00027542139473394294,193.95299145299143,Variant
20893 - HANGING BAUBLE T-LIGHT HOLDER SMALL,20894 - HANGING BAUBLE T-LIGHT HOLDER LARGE,32,0.0020932025999779664,0.002175829018398149,0.0008813484631486173,193.5136575616256,Variant
"90214H - LETTER ""H"" BLING KEY RING","90214M - LETTER ""M"" BLING KEY RING",18,0.0014597333920898976,0.0017626969262972347,0.0004957585105210973,192.67216981132077,Variant
"90214G - LETTER ""G"" BLING KEY RING","90214L - LETTER ""L"" BLING KEY RING",17,0.001322022694722926,0.0018453233447174176,0.000468216371047703,191.92661691542287,Variant
"90214D - LETTER ""D"" BLING KEY RING","90214H - LETTER ""H"" BLING KEY RING",14,0.0013771069736697146,0.0014597333920898976,0.0003855899526275201,191.81584905660378,Variant
21400 - RED PUDDING SPOON,21401 - BLUE PUDDING SPOON,58,0.0025063346920788806,0.0033325988762807094,0.001597444089456869,191.25093088729452,Variant
"90214H - LETTER ""H"" BLING KEY RING","90214N - LETTER ""N"" BLING KEY RING",12,0.0014597333920898976,0.0011843119973559545,0.0003305056736807315,191.1785870996051,Variant
23336 - EGG FRYING PAN PINK,23339 - EGG FRYING PAN BLUE,34,0.002341081855238515,0.0020932025999779664,0.000936432742095406,191.09473684210528,Variant
23065 - LARGE DECO JEWELLERY STAND,23066 - SMALL DECO JEWELLERY STAND,44,0.002726671807866035,0.002341081855238515,0.001211854136829349,189.8457516339869,Variant
"84251C - GREETING CARD, TWO SISTERS.","84251G - GREETING CARD, OVERCROWDED POOL.",25,0.0014597333920898976,0.0025063346920788806,0.0006885534868348573,188.2023636740618,Variant
79323B - BLACK CHERRY LIGHTS,79323G - GOLD  CHERRY LIGHTS,18,0.0015699019499834748,0.001680070507877052,0.0004957585105210973,187.96203623813633,Variant
"90214J - LETTER ""J"" BLING KEY RING","90214P - LETTER ""P"" BLING KEY RING",15,0.002423708273658698,0.0009088906026220116,0.0004131320921009144,187.5413223140496,Variant
21394 - RED POLKADOT BEAKER,21395 - BLUE POLKADOT BEAKER,89,0.004131320921009144,0.003167346039440344,0.002451250413132092,187.32823188405797,Variant
90209B - GREEN ENAMEL+GLASS HAIR COMB,90209C - PINK ENAMEL+GLASS HAIR COMB,33,0.0026715875289192465,0.0018177812052440233,0.0009088906026220116,187.15463917525773,Variant
"90214C - LETTER ""C"" BLING KEY RING","90214G - LETTER ""G"" BLING KEY RING",17,0.0019004076236642062,0.001322022694722926,0.000468216371047703,186.36352657004832,Variant
"90214D - LETTER ""D"" BLING KEY RING","90214N - LETTER ""N"" BLING KEY RING",11,0.0013771069736697146,0.0011843119973559545,0.0003029635342073372,185.76186046511629,Variant
"90214K - LETTER ""K"" BLING KEY RING","90214P - LETTER ""P"" BLING KEY RING",14,0.0022859975762917263,0.0009088906026220116,0.0003855899526275201,185.58305951077037,Variant
85121B - RETRO LAUNDRY TUB PINK,85121C - RETRO LAUNDRY TUB PISTACHIO,13,0.001322022694722926,0.0014597333920898976,0.0003580478131541258,185.53616352201257,Variant
90198A - VINTAGE ROSE BEAD BRACELET RASPBERR,90198B - VINTAGE ROSE BEAD BRACELET BLACK,21,0.0023135397157651207,0.0013495648341963205,0.0005783849289412802,185.24489795918367,Variant
17164B - ASS COL SMALL SAND GECKO P'WEIGHT,17164D - ASS COL SMALL SAND FROG P'WEIGHT,11,0.0022033711578715435,0.0007436377657816459,0.0003029635342073372,184.90185185185186,Variant
84313B - BLUE TV TRAY TABLE,84313C - ORANGE TV TRAY TABLE,30,0.0022859975762917263,0.001955491902610995,0.0008262641842018288,184.83624639402683,Variant
"90214M - LETTER ""M"" BLING KEY RING","90214S - LETTER ""S"" BLING KEY RING",28,0.0017626969262972347,0.002368623994711909,0.0007711799052550402,184.70639534883722,Variant
"90214L - LETTER ""L"" BLING KEY RING","90214R - LETTER ""R"" BLING KEY RING",17,0.0018453233447174176,0.0013771069736697146,0.000468216371047703,184.249552238806,Variant
85163A - WHITE BAROQUE WALL CLOCK,85163B - BLACK BAROQUE WALL CLOCK,19,0.0015699019499834748,0.0018177812052440233,0.0005233006499944916,183.37373737373738,Variant
72127 - COLUMBIAN CANDLE ROUND,72128 - COLUMBIAN CANDLE ROUND,28,0.0017351547868238405,0.002423708273658698,0.0007711799052550402,183.37373737373738,Variant
84708B - PINK JEWELLED PHOTO FRAME,84712B - PINK JEWELLED PHOTO FRAME,16,0.0014597333920898976,0.0016525283684036575,0.00044067423157430867,182.6817610062893,Variant
85188A - GREEN METAL SWINGING BUNNY,85188B - PINK METAL SWINGING BUNNY,39,0.002891924644706401,0.0020381183210311776,0.0010741434394623774,182.24092664092663,Variant
84856L - LARGE TAHITI BEACH BAG,84856S - SMALL TAHITI BEACH BAG,12,0.0022033711578715435,0.0008262641842018288,0.0003305056736807315,181.54,Variant
23222 - CHRISTMAS TREE HANGING GOLD,23223 - CHRISTMAS TREE HANGING SILVER,33,0.002065660460504572,0.002423708273658698,0.0009088906026220116,181.54,Variant
"82011A - BATHROOM SCALES, TROPICAL BEACH",82011C - BATHROOM SCALES FOOTPRINTS IN SAND,12,0.000936432742095406,0.001955491902610995,0.0003305056736807315,180.4871582435791,Variant
22038 - BOTANICAL LAVENDER GIFT WRAP,22040 - BOTANICAL ROSE GIFT WRAP,21,0.0012393962763027433,0.0025889611104990638,0.0005783849289412802,180.2524822695035,Variant
23315 - IVORY REFECTORY CLOCK,23317 - BLUE REFECTORY CLOCK,35,0.002368623994711909,0.002258455436818332,0.0009639748815688003,180.20136131593878,Variant
"90214C - LETTER ""C"" BLING KEY RING","90214D - LETTER ""D"" BLING KEY RING",17,0.0019004076236642062,0.0013771069736697146,0.000468216371047703,178.90898550724637,Variant
90161B - ANT COPPER TURQ BOUDICCA BRACELET,90161D - ANT COPPER PINK BOUDICCA BRACELET,28,0.0020932025999779664,0.002065660460504572,0.0007711799052550402,178.35508771929824,Variant
"90214I - LETTER ""I"" BLING KEY RING","90214K - LETTER ""K"" BLING KEY RING",11,0.0007436377657816459,0.0022859975762917263,0.0003029635342073372,178.2186523873271,Variant
"90214H - LETTER ""H"" BLING KEY RING","90214R - LETTER ""R"" BLING KEY RING",13,0.0014597333920898976,0.0013771069736697146,0.0003580478131541258,178.1147169811321,Variant
90200B - BLACK SWEETHEART BRACELET,90200E - GREEN SWEETHEART BRACELET,37,0.0022859975762917263,0.0025063346920788806,0.0010190591605155888,177.86257116377598,Variant
17012C - ORIGAMI LAVENDER INCENSE/CANDL SET,17012E - ORIGAMI OPIUM INCENSE/CANDLE SET,16,0.003112261760493555,0.0007987220447284345,0.00044067423157430867,177.27433628318585,Variant
90184B - AMETHYST CHUNKY BEAD BRACELET W STR,90184C - BLACK CHUNKY BEAD BRACELET W STRAP,11,0.0012944805552495319,0.001322022694722926,0.0003029635342073372,177.0336879432624,Variant
90013A - MIDNIGHT BLUE VINTAGE EARRINGS,90013C - GREEN VINTAGE EARRINGS,21,0.0021207447394513607,0.0015423598105100804,0.0005783849289412802,176.82467532467533,Variant
"90214G - LETTER ""G"" BLING KEY RING","90214S - LETTER ""S"" BLING KEY RING",20,0.001322022694722926,0.002368623994711909,0.0005508427894678859,175.91085271317831,Variant
23224 - CHERUB HEART DECORATION GOLD,23225 - CHERUB HEART DECORATION SILVER,30,0.001955491902610995,0.002423708273658698,0.0008262641842018288,174.3341869398207,Variant
23315 - IVORY REFECTORY CLOCK,23316 - RED REFECTORY CLOCK,45,0.002368623994711909,0.003002093202599978,0.0012393962763027433,174.29699167911247,Variant
21027 - NINJA RABBIT PINK,21028 - NINJA RABBIT BLACK,34,0.0021207447394513607,0.002533876831552275,0.000936432742095406,174.26199887069453,Variant
21318 - GLASS CHALICE BLUE SMALL,21319 - GLASS CHALICE GREEN  SMALL,29,0.0025614189710256694,0.001790239065770629,0.0007987220447284345,174.18229942100908,Variant
22912 - YELLOW COAT RACK PARIS FASHION,22913 - RED COAT RACK PARIS FASHION,63,0.0029745510631265836,0.003360141015754104,0.0017351547868238405,173.60382513661204,Variant
21131 - GOLD STANDING GNOME,21132 - SILVER STANDING GNOME,11,0.0013495648341963205,0.0012944805552495319,0.0003029635342073372,173.42075553625705,Variant
"90214C - LETTER ""C"" BLING KEY RING","90214J - LETTER ""J"" BLING KEY RING",29,0.0019004076236642062,0.002423708273658698,0.0007987220447284345,173.40777338603425,Variant
79144B - PAINTED LIGHTBULB STAR+ MOON,79144C - PAINTED LIGHTBULB RAINBOW DESIGN,42,0.0025063346920788806,0.0026715875289192465,0.0011567698578825603,172.7581284694687,Variant
47504E - ENGLISH ROSE SCISSORS,47504G - ENGLISH ROSE TAPE MEASURE,13,0.001322022694722926,0.0015699019499834748,0.0003580478131541258,172.51608187134505,Variant
20932 - PINK POT PLANT CANDLE,20933 - YELLOW POT PLANT CANDLE,20,0.002230913297344938,0.0014321912526165032,0.0005508427894678859,172.40265906932575,Variant
90120C - GREEN MURANO TWIST BRACELET,90120D - WHITE MURANO TWIST BRACELET,11,0.001597444089456869,0.0011016855789357718,0.0003029635342073372,172.15,Variant
"90214G - LETTER ""G"" BLING KEY RING","90214J - LETTER ""J"" BLING KEY RING",20,0.001322022694722926,0.002423708273658698,0.0005508427894678859,171.91287878787878,Variant
"90214C - LETTER ""C"" BLING KEY RING","90214N - LETTER ""N"" BLING KEY RING",14,0.0019004076236642062,0.0011843119973559545,0.0003855899526275201,171.3218739467476,Variant
"90214C - LETTER ""C"" BLING KEY RING","90214S - LETTER ""S"" BLING KEY RING",28,0.0019004076236642062,0.002368623994711909,0.0007711799052550402,171.3218739467476,Variant
"90214H - LETTER ""H"" BLING KEY RING","90214J - LETTER ""J"" BLING KEY RING",22,0.0014597333920898976,0.002423708273658698,0.0006059270684146745,171.26415094339623,Variant
"90214B - LETTER ""B"" BLING KEY RING","90214M - LETTER ""M"" BLING KEY RING",12,0.0011016855789357718,0.0017626969262972347,0.0003305056736807315,170.19375,Variant
85130C - BEADED CRYSTAL HEART BLUE  LARGE,85130D - BEADED CRYSTAL HEART PINK LARGE,34,0.001872865484190812,0.002947008923653189,0.000936432742095406,169.66355140186917,Variant
"90214L - LETTER ""L"" BLING KEY RING","90214M - LETTER ""M"" BLING KEY RING",20,0.0018453233447174176,0.0017626969262972347,0.0005508427894678859,169.34701492537314,Variant
"90214E - LETTER ""E"" BLING KEY RING","90214G - LETTER ""G"" BLING KEY RING",15,0.0018453233447174176,0.001322022694722926,0.0004131320921009144,169.34701492537312,Variant
85031B - BLOSSOM IMAGES SCRAP BOOK SET,85031C - CURIOUS IMAGES SCRAP BOOK SET,42,0.002341081855238515,0.0029194667841797952,0.0011567698578825603,169.24927857935626,Variant
17012B - ORIGAMI JASMINE INCENSE/CANDLE SET,17012E - ORIGAMI OPIUM INCENSE/CANDLE SET,17,0.003470309573647681,0.0007987220447284345,0.000468216371047703,168.92063492063494,Variant
90120A - PINK MURANO TWIST BRACELET,90120C - GREEN MURANO TWIST BRACELET,11,0.001129227718409166,0.001597444089456869,0.0003029635342073372,167.95121951219514,Variant
"90214A - LETTER ""A"" BLING KEY RING","90214L - LETTER ""L"" BLING KEY RING",32,0.0028643825052330064,0.0018453233447174176,0.0008813484631486173,166.74167623421354,Variant
79191B - RETRO PLASTIC POLKA TRAY,79191D - RETRO PLASTIC DAISY TRAY,18,0.0019279497631376006,0.0015423598105100804,0.0004957585105210973,166.72040816326532,Variant
16169K - WRAP FOLK ART,16169P - WRAP GREEN RUSSIAN FOLKART,13,0.0016249862289302633,0.001322022694722926,0.0003580478131541258,166.66807909604518,Variant
90161A - ANT COPPER RED BOUDICCA BRACELET,90161B - ANT COPPER TURQ BOUDICCA BRACELET,15,0.0011843119973559545,0.0020932025999779664,0.0004131320921009144,166.65238678090574,Variant
84926A - WAKE UP COCKEREL TILE COASTER,84926D - LA PALMIERA TILE COASTER,11,0.001404649113143109,0.0012944805552495319,0.0003029635342073372,166.61994159365872,Variant
"90214E - LETTER ""E"" BLING KEY RING","90214P - LETTER ""P"" BLING KEY RING",10,0.0018453233447174176,0.0009088906026220116,0.00027542139473394294,164.21528720036184,Variant
"90214K - LETTER ""K"" BLING KEY RING","90214M - LETTER ""M"" BLING KEY RING",24,0.0022859975762917263,0.0017626969262972347,0.000661011347361463,164.0421686746988,Variant
"90214D - LETTER ""D"" BLING KEY RING","90214L - LETTER ""L"" BLING KEY RING",15,0.0013771069736697146,0.0018453233447174176,0.0004131320921009144,162.5731343283582,Variant
"90214B - LETTER ""B"" BLING KEY RING","90214L - LETTER ""L"" BLING KEY RING",12,0.0011016855789357718,0.0018453233447174176,0.0003305056736807315,162.5731343283582,Variant
85185B - PINK HORSE SOCK PUPPET KIT,85185C - COW  SOCK PUPPET,22,0.005012669384157761,0.0007436377657816459,0.0006059270684146745,162.55107855107858,Variant
85014C - BLUE/BROWN DOTS RUFFLED UMBRELLA,85014D - PINK/BROWN DOTS RUFFLED UMBRELLA,29,0.001983034042084389,0.0024787925526054866,0.0007987220447284345,162.48950617283947,Variant
90161B - ANT COPPER TURQ BOUDICCA BRACELET,90161C - ANT COPPER LIME BOUDICCA BRACELET,34,0.0020932025999779664,0.0027542139473394293,0.000936432742095406,162.43052631578948,Variant
"90214A - LETTER ""A"" BLING KEY RING","90214N - LETTER ""N"" BLING KEY RING",20,0.0028643825052330064,0.0011843119973559545,0.0005508427894678859,162.37924865831846,Variant
23338 - EGG FRYING PAN RED,23339 - EGG FRYING PAN BLUE,37,0.003002093202599978,0.0020932025999779664,0.0010190591605155888,162.16755190729114,Variant
"90214F - LETTER ""F"" BLING KEY RING","90214K - LETTER ""K"" BLING KEY RING",10,0.0007436377657816459,0.0022859975762917263,0.00027542139473394294,162.01695671575192,Variant
"90214J - LETTER ""J"" BLING KEY RING","90214M - LETTER ""M"" BLING KEY RING",25,0.002423708273658698,0.0017626969262972347,0.0006885534868348573,161.16832386363637,Variant
"90214A - LETTER ""A"" BLING KEY RING","90214G - LETTER ""G"" BLING KEY RING",22,0.0028643825052330064,0.001322022694722926,0.0006059270684146745,160.01121794871796,Variant
"90214A - LETTER ""A"" BLING KEY RING","90214V - LETTER ""V"" BLING KEY RING",11,0.0028643825052330064,0.000661011347361463,0.0003029635342073372,160.01121794871796,Variant
90161C - ANT COPPER LIME BOUDICCA BRACELET,90161D - ANT COPPER PINK BOUDICCA BRACELET,33,0.0027542139473394293,0.002065660460504572,0.0009088906026220116,159.7552,Variant
72800B - 4 PURPLE FLOCK DINNER CANDLES,72800D - 4 BLUE DINNER CANDLES SILVER FLOCK,34,0.0025063346920788806,0.002341081855238515,0.000936432742095406,159.5956043956044,Variant
22913 - RED COAT RACK PARIS FASHION,22914 - BLUE COAT RACK PARIS FASHION,91,0.003360141015754104,0.00468216371047703,0.0025063346920788806,159.30703953712631,Variant
85031A - ROMANTIC IMAGES SCRAP BOOK SET,85031B - BLOSSOM IMAGES SCRAP BOOK SET,38,0.002809298226286218,0.002341081855238515,0.0010466012999889832,159.1354094579008,Variant
"90214D - LETTER ""D"" BLING KEY RING","90214M - LETTER ""M"" BLING KEY RING",14,0.0013771069736697146,0.0017626969262972347,0.0003855899526275201,158.84750000000003,Variant
"90214A - LETTER ""A"" BLING KEY RING","90214P - LETTER ""P"" BLING KEY RING",15,0.0028643825052330064,0.0009088906026220116,0.0004131320921009144,158.6888111888112,Variant
72800B - 4 PURPLE FLOCK DINNER CANDLES,72800C - 4 PINK DINNER CANDLE SILVER FLOCK,31,0.0025063346920788806,0.0021482868789247547,0.000853806323675223,158.57255564947874,Variant
79190B - RETRO PLASTIC POLKA TRAY,79190D - RETRO PLASTIC DAISY TRAY,66,0.0037181888289082297,0.0030847196210201607,0.0018177812052440233,158.4873015873016,Variant
23316 - RED REFECTORY CLOCK,23317 - BLUE REFECTORY CLOCK,39,0.003002093202599978,0.002258455436818332,0.0010741434394623774,158.42604609532333,Variant
"90214B - LETTER ""B"" BLING KEY RING","90214C - LETTER ""C"" BLING KEY RING",12,0.0011016855789357718,0.0019004076236642062,0.0003305056736807315,157.86086956521737,Variant
21923 - RED/CREAM STRIPE FRINGE HAMMOCK,21924 - BLUE/CREAM STRIPE FRINGE HAMMOCK,62,0.0032499724578605267,0.0033325988762807094,0.001707612647350446,157.6618574029976,Variant
21847 - GREEN  DIAMANTE PEN IN GIFT BOX,21849 - SILVER DIAMANTE PEN IN GIFT BOX,41,0.001955491902610995,0.003663104549961441,0.001129227718409166,157.64354548342686,Variant
"90214L - LETTER ""L"" BLING KEY RING","90214S - LETTER ""S"" BLING KEY RING",25,0.0018453233447174176,0.002368623994711909,0.0006885534868348573,157.53210690732385,Variant
"90214J - LETTER ""J"" BLING KEY RING","90214R - LETTER ""R"" BLING KEY RING",19,0.002423708273658698,0.0013771069736697146,0.0005233006499944916,156.78454545454545,Variant
40001 - WHITE BAMBOO RIBS LAMPSHADE,40003 - WHITE BAMBOO RIBS LAMPSHADE,31,0.003305056736807315,0.0016525283684036575,0.000853806323675223,156.32611111111112,Variant
23469 - CARD HOLDER LOVE BIRD SMALL,23470 - CARD HOLDER LOVE BIRD LARGE,26,0.001983034042084389,0.0023135397157651207,0.0007160956263082516,156.08597883597884,Variant
72803A - ROSE SCENT CANDLE JEWELLED DRAWER,72803B - OCEAN SCENT CANDLE JEWELLED DRAWER,15,0.0026715875289192465,0.0009915170210421946,0.0004131320921009144,155.96219931271477,Variant
46776A - WOVEN BUBBLE GUM CUSHION COVER,46776E - WOVEN CANDY CUSHION COVER,40,0.0033325988762807094,0.0021207447394513607,0.0011016855789357718,155.87850166362563,Variant
85230B - CINNAMON SCENTED VOTIVE CANDLE,85230F - JASMINE VOTIVE CANDLE,18,0.001872865484190812,0.001707612647350446,0.0004957585105210973,155.01518026565466,Variant
21424 - WOODLAND STORAGE BOX LARGE,21426 - WOODLAND STORAGE BOX SMALL,60,0.00391098380522199,0.002726671807866035,0.0016525283684036575,154.9637217242851,Variant
90200A - PURPLE SWEETHEART BRACELET,90200B - BLACK SWEETHEART BRACELET,35,0.002726671807866035,0.0022859975762917263,0.0009639748815688003,154.65254959230865,Variant
82607A - GLASS BONBON JAR PARFUME AUX FLEURE,82607E - GLASS BONBON JAR. D'AMANDES,16,0.004324115897322904,0.000661011347361463,0.00044067423157430867,154.17409766454352,Variant
"85071C - CHARLIE+LOLA""EXTREMELY BUSY"" SIGN",85071D - CHARLIE+LOLA MY ROOM DOOR SIGN,67,0.003883441665748595,0.0030847196210201607,0.0018453233447174176,154.0422998986829,Variant
16169K - WRAP FOLK ART,16169N - WRAP BLUE RUSSIAN FOLKART,14,0.0016249862289302633,0.0015423598105100804,0.0003855899526275201,153.84745762711864,Variant
"90214E - LETTER ""E"" BLING KEY RING","90214L - LETTER ""L"" BLING KEY RING",19,0.0018453233447174176,0.0018453233447174176,0.0005233006499944916,153.67609712630878,Variant
"90214P - LETTER ""P"" BLING KEY RING","90214S - LETTER ""S"" BLING KEY RING",12,0.0009088906026220116,0.002368623994711909,0.0003305056736807315,153.52219873150108,Variant
72800A - S/4 BLACK DINNER CANDLE SILVER FLOC,72800F - 4 IVORY DINNER CANDLES GOLD FLOCK,13,0.0012669384157761375,0.0018453233447174176,0.0003580478131541258,153.14860480207656,Variant
17012C - ORIGAMI LAVENDER INCENSE/CANDL SET,17012F - ORIGAMI SANDLEWOOD INCENSE/CAND SET,51,0.003112261760493555,0.002947008923653189,0.001404649113143109,153.14763046894385,Variant
22304 - COFFEE MUG BLUE PAISLEY DESIGN,22305 - COFFEE MUG PINK PAISLEY DESIGN,101,0.004599537292056847,0.003966068084168778,0.0027817560868128237,152.49118429807052,Variant
22912 - YELLOW COAT RACK PARIS FASHION,22914 - BLUE COAT RACK PARIS FASHION,77,0.0029745510631265836,0.00468216371047703,0.0021207447394513607,152.27211328976037,Variant
"90214C - LETTER ""C"" BLING KEY RING","90214K - LETTER ""K"" BLING KEY RING",24,0.0019004076236642062,0.0022859975762917263,0.000661011347361463,152.15505500261918,Variant
17091A - LAVENDER INCENSE IN TIN,17091B - JASMINE TEA INCENSE IN TIN,25,0.0032224303183871323,0.001404649113143109,0.0006885534868348573,152.1199932964639,Variant
17012D - ORIGAMI ROSE INCENSE/CANDLE SET,17012F - ORIGAMI SANDLEWOOD INCENSE/CAND SET,52,0.003194888178913738,0.002947008923653189,0.0014321912526165032,152.11214953271028,Variant
"90214R - LETTER ""R"" BLING KEY RING","90214S - LETTER ""S"" BLING KEY RING",18,0.0013771069736697146,0.002368623994711909,0.0004957585105210973,151.98697674418608,Variant
"90214A - LETTER ""A"" BLING KEY RING","90214C - LETTER ""C"" BLING KEY RING",30,0.0028643825052330064,0.0019004076236642062,0.0008262641842018288,151.78929765886286,Variant
"90214E - LETTER ""E"" BLING KEY RING","90214R - LETTER ""R"" BLING KEY RING",14,0.0018453233447174176,0.0013771069736697146,0.0003855899526275201,151.73492537313433,Variant
84795A - PASTEL STRIPE HAMMOCK,84795C - OCEAN STRIPE HAMMOCK,38,0.0019279497631376006,0.003580478131541258,0.0010466012999889832,151.61582417582417,Variant
21398 - RED POLKADOT COFFEE  MUG,21399 - BLUE POLKADOT COFFEE MUG,62,0.003470309573647681,0.0032499724578605267,0.001707612647350446,151.40543449018026,Variant
"90214H - LETTER ""H"" BLING KEY RING","90214S - LETTER ""S"" BLING KEY RING",19,0.0014597333920898976,0.002368623994711909,0.0005233006499944916,151.34971478718737,Variant
"90214G - LETTER ""G"" BLING KEY RING","90214R - LETTER ""R"" BLING KEY RING",10,0.001322022694722926,0.0013771069736697146,0.00027542139473394294,151.28333333333333,Variant
"90214E - LETTER ""E"" BLING KEY RING","90214N - LETTER ""N"" BLING KEY RING",12,0.0018453233447174176,0.0011843119973559545,0.0003305056736807315,151.23082263103092,Variant
"90214E - LETTER ""E"" BLING KEY RING","90214S - LETTER ""S"" BLING KEY RING",24,0.0018453233447174176,0.002368623994711909,0.000661011347361463,151.23082263103092,Variant
85231E - STRAWBERRY SCENTED SET/9 T-LIGHTS,85231L - LAVENDER SCENTED SET/9 T-LIGHTS,51,0.0029194667841797952,0.003194888178913738,0.001404649113143109,150.5943396226415,Variant
82607A - GLASS BONBON JAR PARFUME AUX FLEURE,82607C - GLASS BONBON JAR. SUPERFINES,28,0.004324115897322904,0.0011843119973559545,0.0007711799052550402,150.58865353280996,Variant
22447 - PIN CUSHION BABUSHKA BLUE,22448 - PIN CUSHION BABUSHKA RED,41,0.002258455436818332,0.0033325988762807094,0.001129227718409166,150.03305785123968,Variant
21635 - MADRAS NOTEBOOK LARGE,21636 - MADRAS NOTEBOOK MEDIUM,17,0.0011567698578825603,0.002699129668392641,0.000468216371047703,149.96015549076773,Variant
21847 - GREEN  DIAMANTE PEN IN GIFT BOX,21850 - BLUE  DIAMANTE PEN IN GIFT BOX,31,0.001955491902610995,0.0029194667841797952,0.000853806323675223,149.55461068296572,Variant
82011B - BATHROOM SCALES RUBBER DUCKS,82011C - BATHROOM SCALES FOOTPRINTS IN SAND,14,0.001322022694722926,0.001955491902610995,0.0003855899526275201,149.15258215962442,Variant
90200A - PURPLE SWEETHEART BRACELET,90200E - GREEN SWEETHEART BRACELET,37,0.002726671807866035,0.0025063346920788806,0.0010190591605155888,149.11710511710513,Variant
"90214C - LETTER ""C"" BLING KEY RING","90214H - LETTER ""H"" BLING KEY RING",15,0.0019004076236642062,0.0014597333920898976,0.0004131320921009144,148.9253486464315,Variant
"90214J - LETTER ""J"" BLING KEY RING","90214S - LETTER ""S"" BLING KEY RING",31,0.002423708273658698,0.002368623994711909,0.000853806323675223,148.72463002114165,Variant
17012A - ORIGAMI VANILLA INCENSE/CANDLE SET,17012B - ORIGAMI JASMINE INCENSE/CANDLE SET,49,0.0026165032499724577,0.003470309573647681,0.0013495648341963205,148.6292397660819,Variant
85130B - BEADED CRYSTAL HEART GREEN LARGE,85130C - BEADED CRYSTAL HEART BLUE  LARGE,23,0.0022859975762917263,0.001872865484190812,0.0006334692078880687,147.95960311835577,Variant
"90214E - LETTER ""E"" BLING KEY RING","90214J - LETTER ""J"" BLING KEY RING",24,0.0018453233447174176,0.002423708273658698,0.000661011347361463,147.79375848032564,Variant
"90214B - LETTER ""B"" BLING KEY RING","90214S - LETTER ""S"" BLING KEY RING",14,0.0011016855789357718,0.002368623994711909,0.0003855899526275201,147.7651162790698,Variant
"90214K - LETTER ""K"" BLING KEY RING","90214S - LETTER ""S"" BLING KEY RING",29,0.0022859975762917263,0.002368623994711909,0.0007987220447284345,147.51078733538807,Variant
"90214C - LETTER ""C"" BLING KEY RING","90214R - LETTER ""R"" BLING KEY RING",14,0.0019004076236642062,0.0013771069736697146,0.0003855899526275201,147.33681159420289,Variant
85185B - PINK HORSE SOCK PUPPET KIT,85185F - LION SOCK PUPPET,14,0.005012669384157761,0.0005233006499944916,0.0003855899526275201,146.99595141700405,Variant
"90214A - LETTER ""A"" BLING KEY RING","90214D - LETTER ""D"" BLING KEY RING",21,0.0028643825052330064,0.0013771069736697146,0.0005783849289412802,146.62846153846155,Variant
23281 - FOLDING BUTTERFLY MIRROR RED,23282 - FOLDING BUTTERFLY MIRROR IVORY,55,0.0027817560868128237,0.0037181888289082297,0.0015148176710366862,146.45691235790247,Variant
90161A - ANT COPPER RED BOUDICCA BRACELET,90161D - ANT COPPER PINK BOUDICCA BRACELET,13,0.0011843119973559545,0.002065660460504572,0.0003580478131541258,146.35782945736435,Variant
"90214A - LETTER ""A"" BLING KEY RING","90214S - LETTER ""S"" BLING KEY RING",36,0.0028643825052330064,0.002368623994711909,0.0009915170210421946,146.14132379248662,Variant
82616B - FRAPPUCINO SCARF KNITTING KIT,82616C - MIDNIGHT GLAMOUR SCARF KNITTING KIT,72,0.003470309573647681,0.00391098380522199,0.001983034042084389,146.10865191146883,Variant
46776A - WOVEN BUBBLE GUM CUSHION COVER,46776D - WOVEN SUNSET CUSHION COVER,37,0.0033325988762807094,0.0020932025999779664,0.0010190591605155888,146.08481948673335,Variant
21421 - PORCELAIN ROSE LARGE,21422 - PORCELAIN ROSE SMALL,61,0.0028643825052330064,0.004021152363115567,0.001680070507877052,145.86327713382508,Variant
90200B - BLACK SWEETHEART BRACELET,90200D - PINK SWEETHEART BRACELET,50,0.0022859975762917263,0.004131320921009144,0.0013771069736697146,145.8152610441767,Variant
"90214A - LETTER ""A"" BLING KEY RING","90214T - LETTER ""T"" BLING KEY RING",10,0.0028643825052330064,0.000661011347361463,0.00027542139473394294,145.4647435897436,Variant
17012A - ORIGAMI VANILLA INCENSE/CANDLE SET,17012E - ORIGAMI OPIUM INCENSE/CANDLE SET,11,0.0026165032499724577,0.0007987220447284345,0.0003029635342073372,144.96842105263158,Variant
47594A - CAROUSEL DESIGN WASHBAG,47594B - SCOTTIES DESIGN WASHBAG,51,0.002891924644706401,0.003360141015754104,0.001404649113143109,144.55175644028103,Variant
22254 - FELT TOADSTOOL LARGE,22255 - FELT TOADSTOOL  SMALL,83,0.004076236642062355,0.00391098380522199,0.0022859975762917263,143.39379520365435,Variant
"90214H - LETTER ""H"" BLING KEY RING","90214L - LETTER ""L"" BLING KEY RING",14,0.0014597333920898976,0.0018453233447174176,0.0003855899526275201,143.14615601239086,Variant
"90214E - LETTER ""E"" BLING KEY RING","90214H - LETTER ""H"" BLING KEY RING",14,0.0018453233447174176,0.0014597333920898976,0.0003855899526275201,143.14615601239086,Variant
84509a - SET OF 4 ENGLISH ROSE PLACEMATS,84509c - SET OF 4 POLKADOT PLACEMATS,13,0.002065660460504572,0.001211854136829349,0.0003580478131541258,143.03151515151515,Variant
85169B - BLACK LOVE BIRD CANDLE,85169C - EAU DE NIL LOVE BIRD CANDLE,26,0.0025614189710256694,0.001955491902610995,0.0007160956263082516,142.9665303649856,Variant
"90214G - LETTER ""G"" BLING KEY RING","90214H - LETTER ""H"" BLING KEY RING",10,0.001322022694722926,0.0014597333920898976,0.00027542139473394294,142.72012578616352,Variant
"90214K - LETTER ""K"" BLING KEY RING","90214N - LETTER ""N"" BLING KEY RING",14,0.0022859975762917263,0.0011843119973559545,0.0003855899526275201,142.424208461754,Variant
84660A - WHITE STITCHED WALL CLOCK,84660C - PINK STITCHED WALL CLOCK,17,0.001404649113143109,0.002341081855238515,0.000468216371047703,142.3843137254902,Variant
23335 - EGG FRYING PAN IVORY,23336 - EGG FRYING PAN PINK,32,0.002644045389445852,0.002341081855238515,0.0008813484631486173,142.3843137254902,Variant
"90214A - LETTER ""A"" BLING KEY RING","90214M - LETTER ""M"" BLING KEY RING",26,0.0028643825052330064,0.0017626969262972347,0.0007160956263082516,141.828125,Variant
"90214J - LETTER ""J"" BLING KEY RING","90214L - LETTER ""L"" BLING KEY RING",23,0.002423708273658698,0.0018453233447174176,0.0006334692078880687,141.63568521031206,Variant
72127 - COLUMBIAN CANDLE ROUND,72130 - COLUMBIAN CANDLE ROUND,14,0.0017351547868238405,0.0015699019499834748,0.0003855899526275201,141.55165692007796,Variant
20931 - BLUE POT PLANT CANDLE,20932 - PINK POT PLANT CANDLE,49,0.004296573757849509,0.002230913297344938,0.0013495648341963205,140.79550490661603,Variant
"90214A - LETTER ""A"" BLING KEY RING","90214E - LETTER ""E"" BLING KEY RING",27,0.0028643825052330064,0.0018453233447174176,0.0007436377657816459,140.6882893226177,Variant
46776B - WOVEN BERRIES CUSHION COVER,46776D - WOVEN SUNSET CUSHION COVER,45,0.004213947339429327,0.0020932025999779664,0.0012393962763027433,140.51083591331272,Variant
"90214D - LETTER ""D"" BLING KEY RING","90214J - LETTER ""J"" BLING KEY RING",17,0.0013771069736697146,0.002423708273658698,0.000468216371047703,140.2809090909091,Variant
20830 - SILVER PHOTO FRAME,20831 - GOLD PHOTO FRAME,25,0.002258455436818332,0.002175829018398149,0.0006885534868348573,140.12040753318928,Variant
"90214D - LETTER ""D"" BLING KEY RING","90214K - LETTER ""K"" BLING KEY RING",16,0.0013771069736697146,0.0022859975762917263,0.00044067423157430867,139.98265060240962,Variant
85226A - WHITE/BLUE PULL BACK RACING CAR,85226C - BLUE PULL BACK RACING CAR,46,0.003966068084168778,0.0022859975762917263,0.0012669384157761375,139.73962516733602,Variant
21319 - GLASS CHALICE GREEN  SMALL,21320 - GLASS CHALICE GREEN  LARGE,14,0.001790239065770629,0.0015423598105100804,0.0003855899526275201,139.64615384615382,Variant
90013B - BLACK VINTAGE EARRINGS,90013C - GREEN VINTAGE EARRINGS,17,0.002175829018398149,0.0015423598105100804,0.000468216371047703,139.51989150090418,Variant
23335 - EGG FRYING PAN IVORY,23339 - EGG FRYING PAN BLUE,28,0.002644045389445852,0.0020932025999779664,0.0007711799052550402,139.33991228070175,Variant
21788 - KIDS RAIN MAC BLUE,21789 - KIDS RAIN MAC PINK,171,0.005673680731519224,0.006004186405199956,0.004709705849950424,138.2530506813931,Variant
85031A - ROMANTIC IMAGES SCRAP BOOK SET,85031C - CURIOUS IMAGES SCRAP BOOK SET,41,0.002809298226286218,0.0029194667841797952,0.001129227718409166,137.6829448760636,Variant
23336 - EGG FRYING PAN PINK,23338 - EGG FRYING PAN RED,35,0.002341081855238515,0.003002093202599978,0.0009639748815688003,137.15920129519697,Variant
85183A - CHARLIE & LOLA WASTEPAPER BIN BLUE,85183B - CHARLIE & LOLA WASTEPAPER BIN FLORA,91,0.003883441665748595,0.004709705849950424,0.0025063346920788806,137.0340508481606,Variant
85169A - IVORY LOVE BIRD CANDLE,85169B - BLACK LOVE BIRD CANDLE,53,0.004158863060482538,0.0025614189710256694,0.0014597333920898976,137.03083386740727,Variant
84951A - SET OF 4 PISTACHIO LOVEBIRD COASTER,84951B - SET OF 4 BLACK LOVEBIRD COASTERS,61,0.0037181888289082297,0.003305056736807315,0.001680070507877052,136.7153086419753,Variant
79323B - BLACK CHERRY LIGHTS,79323S - SILVER CHERRY LIGHTS,12,0.0015699019499834748,0.0015423598105100804,0.0003305056736807315,136.49624060150376,Variant
85185B - PINK HORSE SOCK PUPPET KIT,85185D - FROG SOCK PUPPET,45,0.005012669384157761,0.0018177812052440233,0.0012393962763027433,136.01898101898104,Variant
22516 - CHILDS GARDEN RAKE BLUE,22517 - CHILDS GARDEN RAKE PINK,92,0.004461826594689876,0.004186405199955933,0.002533876831552275,135.65367121507472,Variant
"90214B - LETTER ""B"" BLING KEY RING","90214E - LETTER ""E"" BLING KEY RING",10,0.0011016855789357718,0.0018453233447174176,0.00027542139473394294,135.47761194029852,Variant
23335 - EGG FRYING PAN IVORY,23338 - EGG FRYING PAN RED,39,0.002644045389445852,0.003002093202599978,0.0010741434394623774,135.322247706422,Variant
"90214D - LETTER ""D"" BLING KEY RING","90214S - LETTER ""S"" BLING KEY RING",16,0.0013771069736697146,0.002368623994711909,0.00044067423157430867,135.09953488372093,Variant
90161A - ANT COPPER RED BOUDICCA BRACELET,90161C - ANT COPPER LIME BOUDICCA BRACELET,16,0.0011843119973559545,0.0027542139473394293,0.00044067423157430867,135.09953488372093,Variant
23210 - WHITE ROCKING HORSE HAND PAINTED,23211 - RED ROCKING HORSE HAND PAINTED,113,0.005288090778891704,0.004379200176269693,0.003112261760493555,134.39478511530396,Variant
"90214J - LETTER ""J"" BLING KEY RING","90214N - LETTER ""N"" BLING KEY RING",14,0.002423708273658698,0.0011843119973559545,0.0003855899526275201,134.33192389006342,Variant
21289 - LARGE STRIPES CHOCOLATE GIFT BAG,21292 - SMALL STRIPES CHOCOLATE GIFT BAG,34,0.0027817560868128237,0.0025063346920788806,0.000936432742095406,134.31313241214232,Variant
"90214B - LETTER ""B"" BLING KEY RING","90214J - LETTER ""J"" BLING KEY RING",13,0.0011016855789357718,0.002423708273658698,0.0003580478131541258,134.09204545454546,Variant
20671 - BLUE TEATIME PRINT BOWL,20672 - PINK TEATIME PRINT BOWL,19,0.0039385259446953836,0.0009915170210421946,0.0005233006499944916,134.00388500388502,Variant
90200B - BLACK SWEETHEART BRACELET,90200C - BLUE SWEETHEART BRACELET,30,0.0022859975762917263,0.002699129668392641,0.0008262641842018288,133.91197442832555,Variant
46776D - WOVEN SUNSET CUSHION COVER,46776F - WOVEN ROSE GARDEN CUSHION COVER,44,0.0020932025999779664,0.004324115897322904,0.001211854136829349,133.88803218236674,Variant
21926 - RED/CREAM STRIPE CUSHION COVER,21927 - BLUE/CREAM STRIPE CUSHION COVER,103,0.004021152363115567,0.005288090778891704,0.002836840365759612,133.40910388127853,Variant
85169B - BLACK LOVE BIRD CANDLE,85169D - PINK LOVE BIRD CANDLE,30,0.0025614189710256694,0.002423708273658698,0.0008262641842018288,133.0938416422287,Variant
15056n - EDWARDIAN PARASOL NATURAL,15056p - EDWARDIAN PARASOL PINK,16,0.003167346039440344,0.0010466012999889832,0.00044067423157430867,132.93546910755146,Variant
"90214A - LETTER ""A"" BLING KEY RING","90214R - LETTER ""R"" BLING KEY RING",19,0.0028643825052330064,0.0013771069736697146,0.0005233006499944916,132.66384615384615,Variant
20866 - BLUE ROSE FABRIC MIRROR,20867 - PINK ROSE FABRIC MIRROR,106,0.0052330064999449154,0.004213947339429327,0.0029194667841797952,132.39243206054354,Variant
23029 - DRAWER KNOB CRACKLE GLAZE GREEN,23031 - DRAWER KNOB CRACKLE GLAZE PINK,88,0.004296573757849509,0.0042690316183761155,0.002423708273658698,132.13829611248968,Variant
85169A - IVORY LOVE BIRD CANDLE,85169C - EAU DE NIL LOVE BIRD CANDLE,39,0.004158863060482538,0.001955491902610995,0.0010741434394623774,132.0783509001026,Variant
"90214H - LETTER ""H"" BLING KEY RING","90214K - LETTER ""K"" BLING KEY RING",16,0.0014597333920898976,0.0022859975762917263,0.00044067423157430867,132.05910434189587,Variant
84625A - PINK NEW BAROQUECANDLESTICK CANDLE,84625D - WHITE NEWBAROQUE CANDLESTICK CANDLE,15,0.002230913297344938,0.001404649113143109,0.0004131320921009144,131.83732752360203,Variant
84968D - SET OF 16 VINTAGE RED CUTLERY,84968F - SET OF 16 VINTAGE SKY BLUE CUTLERY,50,0.0029194667841797952,0.003580478131541258,0.0013771069736697146,131.74165457184324,Variant
23285 - PINK VINTAGE SPOT BEAKER,23286 - BLUE VINTAGE SPOT BEAKER,153,0.00526054863941831,0.006086812823620139,0.004213947339429327,131.60370519532825,Variant
"90214B - LETTER ""B"" BLING KEY RING","90214K - LETTER ""K"" BLING KEY RING",12,0.0011016855789357718,0.0022859975762917263,0.0003305056736807315,131.23373493975905,Variant
85124A - PINK JUICY FRUIT PHOTO FRAME,85124B - BLUE JUICY FRUIT PHOTO FRAME,35,0.0026165032499724577,0.002809298226286218,0.0009639748815688003,131.14344685242517,Variant
"90214A - LETTER ""A"" BLING KEY RING","90214B - LETTER ""B"" BLING KEY RING",15,0.0028643825052330064,0.0011016855789357718,0.0004131320921009144,130.91826923076923,Variant
85186A - EASTER BUNNY GARLAND OF FLOWERS,85186C - BUNNY EGG GARLAND,87,0.004379200176269693,0.004186405199955933,0.0023961661341853034,130.701588877855,Variant
21441 - BLUE BIRDHOUSE DECORATION,21442 - GREEN BIRDHOUSE DECORATION,65,0.003663104549961441,0.003745730968381624,0.001790239065770629,130.47434763379036,Variant
84625C - BLUE NEW BAROQUE CANDLESTICK CANDLE,84625D - WHITE NEWBAROQUE CANDLESTICK CANDLE,13,0.001955491902610995,0.001404649113143109,0.0003580478131541258,130.3518365092516,Variant
90200C - BLUE SWEETHEART BRACELET,90200E - GREEN SWEETHEART BRACELET,32,0.002699129668392641,0.0025063346920788806,0.0008813484631486173,130.28212603722807,Variant
85071A - BLUE CHARLIE+LOLA PERSONAL DOORSIGN,85071B - RED CHARLIE+LOLA PERSONAL DOORSIGN,87,0.004048694502588961,0.0045444530131100586,0.0023961661341853034,130.23277674706245,Variant
85124A - PINK JUICY FRUIT PHOTO FRAME,85124C - GREEN JUICY FRUIT PHOTO FRAME,41,0.0026165032499724577,0.0033325988762807094,0.001129227718409166,129.50221835580686,Variant
23285 - PINK VINTAGE SPOT BEAKER,23288 - GREEN VINTAGE SPOT BEAKER,126,0.00526054863941831,0.005095295802577944,0.003470309573647681,129.4695910570256,Variant
16169M - WRAP DAISY CARPET,16169P - WRAP GREEN RUSSIAN FOLKART,10,0.0016249862289302633,0.001322022694722926,0.00027542139473394294,128.20621468926552,Variant
85071A - BLUE CHARLIE+LOLA PERSONAL DOORSIGN,85071D - CHARLIE+LOLA MY ROOM DOOR SIGN,58,0.004048694502588961,0.0030847196210201607,0.001597444089456869,127.90719144800777,Variant
90200D - PINK SWEETHEART BRACELET,90200E - GREEN SWEETHEART BRACELET,48,0.004131320921009144,0.0025063346920788806,0.001322022694722926,127.67648351648353,Variant
"85159A - BLACK TEA,COFFEE,SUGAR JARS","85159B - WHITE TEA,COFFEE,SUGAR JARS",25,0.002230913297344938,0.002423708273658698,0.0006885534868348573,127.3428731762065,Variant
90200A - PURPLE SWEETHEART BRACELET,90200C - BLUE SWEETHEART BRACELET,34,0.002726671807866035,0.002699129668392641,0.000936432742095406,127.23891981034838,Variant
23287 - RED VINTAGE SPOT BEAKER,23288 - GREEN VINTAGE SPOT BEAKER,128,0.00545334361573207,0.005095295802577944,0.0035253938525944693,126.87480207480209,Variant
84507B - STRIPES DESIGN MONKEY DOLL,84507C - BLUE CIRCLES DESIGN MONKEY DOLL,28,0.003167346039440344,0.0019279497631376006,0.0007711799052550402,126.28869565217389,Variant
35095A - BLUE VICTORIAN FABRIC OVAL BOX,35095B - RED VICTORIAN FABRIC OVAL BOX,102,0.0045719951525834525,0.00487495868679079,0.002809298226286218,126.04370022462733,Variant
21318 - GLASS CHALICE BLUE SMALL,21320 - GLASS CHALICE GREEN  LARGE,18,0.0025614189710256694,0.0015423598105100804,0.0004957585105210973,125.48847926267283,Variant
"90214A - LETTER ""A"" BLING KEY RING","90214H - LETTER ""H"" BLING KEY RING",19,0.0028643825052330064,0.0014597333920898976,0.0005233006499944916,125.15457184325108,Variant
17012C - ORIGAMI LAVENDER INCENSE/CANDL SET,17012D - ORIGAMI ROSE INCENSE/CANDLE SET,45,0.003112261760493555,0.003194888178913738,0.0012393962763027433,124.64601769911506,Variant
"90214J - LETTER ""J"" BLING KEY RING","90214K - LETTER ""K"" BLING KEY RING",25,0.002423708273658698,0.0022859975762917263,0.0006885534868348573,124.27437020810515,Variant
"90214K - LETTER ""K"" BLING KEY RING","90214L - LETTER ""L"" BLING KEY RING",19,0.0022859975762917263,0.0018453233447174176,0.0005233006499944916,124.05178924653839,Variant
21738 - COSY SLIPPER SHOES SMALL  RED,21740 - COSY SLIPPER SHOES LARGE RED,29,0.0036080202710146525,0.001790239065770629,0.0007987220447284345,123.65613623018203,Variant
46776E - WOVEN CANDY CUSHION COVER,46776F - WOVEN ROSE GARDEN CUSHION COVER,41,0.0021207447394513607,0.004324115897322904,0.001129227718409166,123.13905203077175,Variant
84796A - PINK HAWAIIAN PICNIC HAMPER FOR 2,84796B - BLUE SAVANNAH PICNIC HAMPER FOR 2,67,0.0030571774815467668,0.004902500826264184,0.0018453233447174176,123.12157100921144,Variant
"90214A - LETTER ""A"" BLING KEY RING","90214J - LETTER ""J"" BLING KEY RING",31,0.0028643825052330064,0.002423708273658698,0.000853806323675223,122.98382867132867,Variant
20734 - SILVER MINI TAPE MEASURE,20738 - GREEN MINI TAPE MEASURE,28,0.0032224303183871323,0.001955491902610995,0.0007711799052550402,122.38160587456362,Variant
90200A - PURPLE SWEETHEART BRACELET,90200D - PINK SWEETHEART BRACELET,50,0.002726671807866035,0.004131320921009144,0.0013771069736697146,122.24915824915826,Variant
21016 - LIGHT BIRD HOUSE TREE DECORATION,21017 - RED BIRD HOUSE TREE DECORATION,24,0.002258455436818332,0.0023961661341853034,0.000661011347361463,122.14634146341464,Variant
21425 - SKULLS STORAGE BOX LARGE,21427 - SKULLS STORAGE BOX SMALL,38,0.0026165032499724577,0.003277514597333921,0.0010466012999889832,122.0436974789916,Variant
23286 - BLUE VINTAGE SPOT BEAKER,23287 - RED VINTAGE SPOT BEAKER,147,0.006086812823620139,0.00545334361573207,0.004048694502588961,121.97257644316468,Variant
17012A - ORIGAMI VANILLA INCENSE/CANDLE SET,17012C - ORIGAMI LAVENDER INCENSE/CANDL SET,36,0.0026165032499724577,0.003112261760493555,0.0009915170210421946,121.75947834187238,Variant
23220 - REINDEER HEART DECORATION GOLD,23221 - REINDEER HEART DECORATION SILVER,50,0.002836840365759612,0.003993610223642172,0.0013771069736697146,121.55339805825244,Variant
72799C - PINK PILLAR CANDLE SILVER FLOCK,72799E - IVORY PILLAR CANDLE SILVER FLOCK,28,0.0012944805552495319,0.004902500826264184,0.0007711799052550402,121.518527372699,Variant
23286 - BLUE VINTAGE SPOT BEAKER,23288 - GREEN VINTAGE SPOT BEAKER,135,0.006086812823620139,0.005095295802577944,0.0037181888289082297,119.88700012229427,Variant
79190A - RETRO PLASTIC 70'S TRAY,79190D - RETRO PLASTIC DAISY TRAY,44,0.003277514597333921,0.0030847196210201607,0.001211854136829349,119.86434573829531,Variant
79190A - RETRO PLASTIC 70'S TRAY,79190B - RETRO PLASTIC POLKA TRAY,53,0.003277514597333921,0.0037181888289082297,0.0014597333920898976,119.78362900715842,Variant
"84251F - GREETING CARD, RITA","84251G - GREETING CARD, OVERCROWDED POOL.",15,0.0013771069736697146,0.0025063346920788806,0.0004131320921009144,119.6967032967033,Variant
85036B - CHOCOLATE 1 WICK MORRIS BOX CANDLE,85036C - ROSE 1 WICK MORRIS BOXED CANDLE,36,0.002368623994711909,0.0034978517131210754,0.0009915170210421946,119.67478483794179,Variant
84569A - PACK 3 IRON ON DOG PATCHES,84569D - PACK 6 HEART/ICE-CREAM PATCHES,66,0.0030847196210201607,0.004930042965737578,0.0018177812052440233,119.5295291300878,Variant
84569A - PACK 3 IRON ON DOG PATCHES,84569B - PACK 3 FIRE ENGINE/CAR PATCHES,28,0.0030847196210201607,0.0020932025999779664,0.0007711799052550402,119.4342105263158,Variant
17164B - ASS COL SMALL SAND GECKO P'WEIGHT,17165B - ASS COL LARGE SAND GECKO P'WEIGHT,15,0.0022033711578715435,0.0015699019499834748,0.0004131320921009144,119.43421052631578,Variant
17084A - TRANQUILITY MASALA INCENSE,17084N - FAIRY DREAMS INCENSE,11,0.0004957585105210973,0.005122837942051339,0.0003029635342073372,119.29151732377538,Variant
85025B - EAU DE NILE HEART SHAPE PHOTO FRAME,85025C - PINK HEART SHAPE PHOTO FRAME,39,0.0026165032499724577,0.0034427674341742866,0.0010741434394623774,119.24311578947369,Variant
84673A - PINK FLY SWAT,84673B - BLUE FLY SWAT,43,0.002726671807866035,0.003663104549961441,0.0011843119973559545,118.57249183564973,Variant
"90214G - LETTER ""G"" BLING KEY RING","90214K - LETTER ""K"" BLING KEY RING",13,0.001322022694722926,0.0022859975762917263,0.0003580478131541258,118.47489959839358,Variant
21849 - SILVER DIAMANTE PEN IN GIFT BOX,21850 - BLUE  DIAMANTE PEN IN GIFT BOX,46,0.003663104549961441,0.0029194667841797952,0.0012669384157761375,118.46843523904099,Variant
84569B - PACK 3 FIRE ENGINE/CAR PATCHES,84569C - PACK 4 FLOWER/BUTTERFLY PATCHES,22,0.0020932025999779664,0.002451250413132092,0.0006059270684146745,118.09225310467177,Variant
23028 - DRAWER KNOB CRACKLE GLAZE BLUE,23031 - DRAWER KNOB CRACKLE GLAZE PINK,69,0.003773273107855018,0.0042690316183761155,0.0019004076236642062,117.97748999293619,Variant
85170C - SET/6 EAU DE NIL BIRD T-LIGHTS,85170D - SET/6 PINK BIRD T-LIGHT CANDLES,52,0.0029194667841797952,0.004158863060482538,0.0014321912526165032,117.95676621267026,Variant
46776B - WOVEN BERRIES CUSHION COVER,46776F - WOVEN ROSE GARDEN CUSHION COVER,78,0.004213947339429327,0.004324115897322904,0.0021482868789247547,117.89783939053328,Variant
46776C - WOVEN FROST CUSHION COVER,46776E - WOVEN CANDY CUSHION COVER,24,0.002644045389445852,0.0021207447394513607,0.000661011347361463,117.88311688311688,Variant
"90214A - LETTER ""A"" BLING KEY RING","90214K - LETTER ""K"" BLING KEY RING",28,0.0028643825052330064,0.0022859975762917263,0.0007711799052550402,117.77386468952734,Variant
85169A - IVORY LOVE BIRD CANDLE,85169D - PINK LOVE BIRD CANDLE,43,0.004158863060482538,0.002423708273658698,0.0011843119973559545,117.49277543648405,Variant
17012B - ORIGAMI JASMINE INCENSE/CANDLE SET,17012C - ORIGAMI LAVENDER INCENSE/CANDL SET,46,0.003470309573647681,0.003112261760493555,0.0012669384157761375,117.30355386992555,Variant
23028 - DRAWER KNOB CRACKLE GLAZE BLUE,23029 - DRAWER KNOB CRACKLE GLAZE GREEN,69,0.003773273107855018,0.004296573757849509,0.0019004076236642062,117.22122403144303,Variant
17084N - FAIRY DREAMS INCENSE,17084P - DRAGONS BLOOD INCENSE,42,0.005122837942051339,0.0019279497631376006,0.0011567698578825603,117.12258064516128,Variant
46776B - WOVEN BERRIES CUSHION COVER,46776E - WOVEN CANDY CUSHION COVER,38,0.004213947339429327,0.0021207447394513607,0.0010466012999889832,117.11263899499193,Variant
22446 - PIN CUSHION BABUSHKA PINK,22447 - PIN CUSHION BABUSHKA BLUE,49,0.005122837942051339,0.002258455436818332,0.0013495648341963205,116.6464725937582,Variant
23285 - PINK VINTAGE SPOT BEAKER,23287 - RED VINTAGE SPOT BEAKER,121,0.00526054863941831,0.00545334361573207,0.0033325988762807094,116.16870273414777,Variant
21064 - BOOM BOX SPEAKER BOYS,21065 - BOOM BOX SPEAKER GIRLS,63,0.004599537292056847,0.0032499724578605267,0.0017351547868238405,116.07652491626914,Variant
21747 - SMALL SKULL WINDMILL,21750 - LARGE SKULL WINDMILL,30,0.004213947339429327,0.001707612647350446,0.0008262641842018288,114.82605945604048,Variant
21740 - COSY SLIPPER SHOES LARGE RED,21741 - COSY SLIPPER SHOES LARGE GREEN,39,0.001790239065770629,0.0052330064999449154,0.0010741434394623774,114.65684210526315,Variant
46776C - WOVEN FROST CUSHION COVER,46776D - WOVEN SUNSET CUSHION COVER,23,0.002644045389445852,0.0020932025999779664,0.0006334692078880687,114.4577850877193,Variant
21402 - RED  EGG  SPOON,21403 - BLUE EGG  SPOON,74,0.004131320921009144,0.004324115897322904,0.0020381183210311776,114.0888322717622,Variant
84795A - PASTEL STRIPE HAMMOCK,84795D - SEASIDE STRIPE HAMMOCK,18,0.0019279497631376006,0.002258455436818332,0.0004957585105210973,113.85783972125436,Variant
"90214K - LETTER ""K"" BLING KEY RING","90214R - LETTER ""R"" BLING KEY RING",13,0.0022859975762917263,0.0013771069736697146,0.0003580478131541258,113.73590361445783,Variant
46776B - WOVEN BERRIES CUSHION COVER,46776C - WOVEN FROST CUSHION COVER,46,0.004213947339429327,0.002644045389445852,0.0012669384157761375,113.70969498910677,Variant
17012B - ORIGAMI JASMINE INCENSE/CANDLE SET,17012F - ORIGAMI SANDLEWOOD INCENSE/CAND SET,42,0.003470309573647681,0.002947008923653189,0.0011567698578825603,113.10903426791279,Variant
35004G - SET OF 3 GOLD FLYING DUCKS,35004P - SET OF 3 PINK FLYING DUCKS,10,0.002065660460504572,0.0011843119973559545,0.00027542139473394294,112.58294573643411,Variant
21285 - RETROSPOT CANDLE  MEDIUM,21286 - RETROSPOT CANDLE  LARGE,31,0.002726671807866035,0.0027817560868128237,0.000853806323675223,112.56605660566056,Variant
15056bl - EDWARDIAN PARASOL BLACK,15056n - EDWARDIAN PARASOL NATURAL,31,0.0023961661341853034,0.003167346039440344,0.000853806323675223,112.49855072463767,Variant
84559A - 3D SHEET OF DOG STICKERS,84559D - 3D SHEET OF SEA WORLD STICKERS,22,0.006334692078880688,0.000853806323675223,0.0006059270684146745,112.03029453015428,Variant
20931 - BLUE POT PLANT CANDLE,20933 - YELLOW POT PLANT CANDLE,25,0.004296573757849509,0.0014321912526165032,0.0006885534868348573,111.89595660749508,Variant
46776D - WOVEN SUNSET CUSHION COVER,46776E - WOVEN CANDY CUSHION COVER,18,0.0020932025999779664,0.0021207447394513607,0.0004957585105210973,111.67874231032124,Variant
"82613B - METAL SIGN,CUPCAKE SINGLE HOOK","82613C - METAL SIGN,CUPCAKE SINGLE HOOK",128,0.0061418971025669275,0.005150380081524733,0.0035253938525944693,111.44634421236901,Variant
72800A - S/4 BLACK DINNER CANDLE SILVER FLOC,72800D - 4 BLUE DINNER CANDLES SILVER FLOCK,12,0.0012669384157761375,0.002341081855238515,0.0003305056736807315,111.4312020460358,Variant
85032A - ROMANTIC IMAGES GIFT WRAP SET,85032B - BLOSSOM IMAGES GIFT WRAP SET,75,0.004434284455216481,0.004186405199955933,0.002065660460504572,111.27410918600849,Variant
17012A - ORIGAMI VANILLA INCENSE/CANDLE SET,17012F - ORIGAMI SANDLEWOOD INCENSE/CAND SET,31,0.0026165032499724577,0.002947008923653189,0.000853806323675223,110.72779144121988,Variant
23053 - RECYCLED ACAPULCO MAT PINK,23054 - RECYCLED ACAPULCO MAT LAVENDER,65,0.004516910873636664,0.003580478131541258,0.001790239065770629,110.69512195121953,Variant
23033 - DRAWER KNOB CERAMIC RED,23035 - DRAWER KNOB CERAMIC IVORY,43,0.0020381183210311776,0.00526054863941831,0.0011843119973559545,110.46016697325598,Variant
21846 - PINK DIAMANTE PEN IN GIFT BOX,21847 - GREEN  DIAMANTE PEN IN GIFT BOX,57,0.007271124820976093,0.001955491902610995,0.0015699019499834748,110.41165172855314,Variant
22514 - CHILDS GARDEN SPADE BLUE,22515 - CHILDS GARDEN SPADE PINK,146,0.006362234218354082,0.005728765010466013,0.004021152363115567,110.32650682650683,Variant
21683 - MEDIUM MEDINA STAMPED METAL BOWL,21684 - SMALL MEDINA STAMPED METAL BOWL,48,0.004186405199955933,0.0028643825052330064,0.001322022694722926,110.24696356275304,Variant
79190D - RETRO PLASTIC DAISY TRAY,79191D - RETRO PLASTIC DAISY TRAY,19,0.0030847196210201607,0.0015423598105100804,0.0005233006499944916,109.98915816326532,Variant
17091A - LAVENDER INCENSE IN TIN,17091J - VANILLA INCENSE IN TIN,63,0.0032224303183871323,0.004902500826264184,0.0017351547868238405,109.83405358686257,Variant
46776A - WOVEN BUBBLE GUM CUSHION COVER,46776B - WOVEN BERRIES CUSHION COVER,56,0.0033325988762807094,0.004213947339429327,0.0015423598105100804,109.82812077999243,Variant
15056bl - EDWARDIAN PARASOL BLACK,15056p - EDWARDIAN PARASOL PINK,10,0.0023961661341853034,0.0010466012999889832,0.00027542139473394294,109.82456140350878,Variant
85129B - BEADED CRYSTAL HEART GREEN SMALL,85129C - BEADED CRYSTAL HEART BLUE SMALL,11,0.0015423598105100804,0.001790239065770629,0.0003029635342073372,109.72197802197802,Variant
20997 - ROSE DU SUD CUSHION COVER,21003 - ROSE DU SUD CUSHION COVER,16,0.0022859975762917263,0.0017626969262972347,0.00044067423157430867,109.36144578313252,Variant
85017A - ENVELOPE 50 ROMANTIC IMAGES,85017C - ENVELOPE 50 CURIOUS IMAGES,62,0.004792332268370607,0.003277514597333921,0.001707612647350446,108.71708683473389,Variant
90200C - BLUE SWEETHEART BRACELET,90200D - PINK SWEETHEART BRACELET,44,0.002699129668392641,0.004131320921009144,0.001211854136829349,108.67700680272108,Variant
85032B - BLOSSOM IMAGES GIFT WRAP SET,85032C - CURIOUS IMAGES GIFT WRAP SET,73,0.004186405199955933,0.004434284455216481,0.0020105761815577836,108.30679960771495,Variant
84968C - SET OF 16 VINTAGE PISTACHIO CUTLERY,84968D - SET OF 16 VINTAGE RED CUTLERY,60,0.0052330064999449154,0.0029194667841797952,0.0016525283684036575,108.16683217477656,Variant
84559B - 3D SHEET OF CAT STICKERS,84559D - 3D SHEET OF SEA WORLD STICKERS,18,0.005370717197311887,0.000853806323675223,0.0004957585105210973,108.11315136476429,Variant
23034 - DRAWER KNOB CERAMIC BLACK,23035 - DRAWER KNOB CERAMIC IVORY,50,0.002423708273658698,0.00526054863941831,0.0013771069736697146,108.00809138505473,Variant
22021 - BLUE FELT EASTER EGG BASKET,85206B - PINK FELT EASTER EGG BASKET,126,0.006417318497300871,0.005012669384157761,0.003470309573647681,107.88114889402442,Variant
85131B - BEADED CRYSTAL HEART GREEN ON STICK,85131D - BEADED CRYSTAL HEART PINK ON STICK,171,0.005949102126253167,0.007353751239396277,0.004709705849950424,107.65480649188514,Variant
15058A - BLUE POLKADOT GARDEN PARASOL,15058B - PINK POLKADOT GARDEN PARASOL,67,0.003993610223642172,0.004296573757849509,0.0018453233447174176,107.54358974358975,Variant
90013A - MIDNIGHT BLUE VINTAGE EARRINGS,90013B - BLACK VINTAGE EARRINGS,18,0.0021207447394513607,0.002175829018398149,0.0004957585105210973,107.43777741246095,Variant
85131B - BEADED CRYSTAL HEART GREEN ON STICK,85131C - BEADED CRYSTAL HEART BLUE ON STICK,46,0.005949102126253167,0.001983034042084389,0.0012669384157761375,107.39248971193416,Variant
21198 - WHITE HEART CONFETTI IN TUBE,21199 - PINK  HEART CONFETTI IN TUBE,52,0.0032499724578605267,0.00410377878153575,0.0014321912526165032,107.38346035718347,Variant
17012B - ORIGAMI JASMINE INCENSE/CANDLE SET,17012D - ORIGAMI ROSE INCENSE/CANDLE SET,43,0.003470309573647681,0.003194888178913738,0.0011843119973559545,106.8174603174603,Variant
46776A - WOVEN BUBBLE GUM CUSHION COVER,46776C - WOVEN FROST CUSHION COVER,34,0.0033325988762807094,0.002644045389445852,0.000936432742095406,106.27341597796145,Variant
85071B - RED CHARLIE+LOLA PERSONAL DOORSIGN,85071D - CHARLIE+LOLA MY ROOM DOOR SIGN,54,0.0045444530131100586,0.0030847196210201607,0.0014872755315632918,106.09480519480519,Variant
46776A - WOVEN BUBBLE GUM CUSHION COVER,46776F - WOVEN ROSE GARDEN CUSHION COVER,55,0.0033325988762807094,0.004324115897322904,0.0015148176710366862,105.11870295309787,Variant
79190A - RETRO PLASTIC 70'S TRAY,79192A - RETRO PLASTIC 70'S TRAY,12,0.003277514597333921,0.0009639748815688003,0.0003305056736807315,104.60888355342136,Variant
"90214E - LETTER ""E"" BLING KEY RING","90214K - LETTER ""K"" BLING KEY RING",16,0.0018453233447174176,0.0022859975762917263,0.00044067423157430867,104.4646646286639,Variant
84968C - SET OF 16 VINTAGE PISTACHIO CUTLERY,84968F - SET OF 16 VINTAGE SKY BLUE CUTLERY,71,0.0052330064999449154,0.003580478131541258,0.001955491902610995,104.36712550607288,Variant
23028 - DRAWER KNOB CRACKLE GLAZE BLUE,23032 - DRAWER KNOB CRACKLE GLAZE IVORY,78,0.003773273107855018,0.005480885755205465,0.0021482868789247547,103.8779297949602,Variant
23031 - DRAWER KNOB CRACKLE GLAZE PINK,23032 - DRAWER KNOB CRACKLE GLAZE IVORY,88,0.0042690316183761155,0.005480885755205465,0.002423708273658698,103.58579996757983,Variant
79323GR - GREEN CHERRY LIGHTS,79323LP - LIGHT PINK CHERRY LIGHTS,40,0.0022859975762917263,0.00468216371047703,0.0011016855789357718,102.92841956059532,Variant
84968D - SET OF 16 VINTAGE RED CUTLERY,84968E - SET OF 16 VINTAGE BLACK CUTLERY,29,0.0029194667841797952,0.0026715875289192465,0.0007987220447284345,102.4053686053297,Variant
84596J - MIXED NUTS LIGHT GREEN BOWL,84596K - JELLY BABIES YELLOW SMALL BOWL,36,0.0038008152473284124,0.0025614189710256694,0.0009915170210421946,101.84572230014027,Variant
"82613A - METAL SIGN,CUPCAKE SINGLE HOOK",82613D - METAL SIGN CUPCAKE SINGLE HOOK,88,0.003194888178913738,0.007463919797289853,0.002423708273658698,101.63837638376384,Variant
72800A - S/4 BLACK DINNER CANDLE SILVER FLOC,72800C - 4 PINK DINNER CANDLE SILVER FLOCK,10,0.0012669384157761375,0.0021482868789247547,0.00027542139473394294,101.1928651059086,Variant
22450 - SILK PURSE BABUSHKA BLUE,22451 - SILK PURSE BABUSHKA RED,118,0.004930042965737578,0.006555029194667842,0.0032499724578605267,100.56673395615229,Variant
79323G - GOLD  CHERRY LIGHTS,79323GR - GREEN CHERRY LIGHTS,14,0.001680070507877052,0.0022859975762917263,0.0003855899526275201,100.39739285008888,Variant
22452 - MEASURING TAPE BABUSHKA PINK,22453 - MEASURING TAPE BABUSHKA BLUE,101,0.007023245565715545,0.003966068084168778,0.0027817560868128237,99.86677559912854,Variant
79323B - BLACK CHERRY LIGHTS,79323GR - GREEN CHERRY LIGHTS,13,0.0015699019499834748,0.0022859975762917263,0.0003580478131541258,99.76833650391038,Variant
21682 - LARGE MEDINA STAMPED METAL BOWL,21683 - MEDIUM MEDINA STAMPED METAL BOWL,63,0.004158863060482538,0.004186405199955933,0.0017351547868238405,99.66033461136284,Variant
21284 - RETROSPOT CANDLE  SMALL,21285 - RETROSPOT CANDLE  MEDIUM,38,0.0038558995262752012,0.002726671807866035,0.0010466012999889832,99.54574314574316,Variant
23050 - RECYCLED ACAPULCO MAT GREEN,23051 - RECYCLED ACAPULCO MAT BLUE,91,0.00564613859204583,0.004461826594689876,0.0025063346920788806,99.48894911171334,Variant
85032A - ROMANTIC IMAGES GIFT WRAP SET,85032C - CURIOUS IMAGES GIFT WRAP SET,71,0.004434284455216481,0.004434284455216481,0.001955491902610995,99.45094710852206,Variant
35598B - BLACK CHRISTMAS TREE 60CM,35598D - PINK/WHITE CHRISTMAS TREE 60CM,16,0.0015699019499834748,0.002836840365759612,0.00044067423157430867,98.94873105092829,Variant
84795C - OCEAN STRIPE HAMMOCK,84795D - SEASIDE STRIPE HAMMOCK,29,0.003580478131541258,0.002258455436818332,0.0007987220447284345,98.77410881801127,Variant
23330 - DECORATIVE WICKER HEART MEDIUM,23331 - DECORATIVE WICKER HEART SMALL,63,0.005921559986779773,0.0029745510631265836,0.0017351547868238405,98.51007751937985,Variant
20801 - LARGE PINK GLASS SUNDAE DISH,20803 - SMALL PINK GLASS SUNDAE DISH,25,0.0030296353420733724,0.0023135397157651207,0.0006885534868348573,98.23593073593072,Variant
85131C - BEADED CRYSTAL HEART BLUE ON STICK,85131D - BEADED CRYSTAL HEART PINK ON STICK,52,0.001983034042084389,0.007353751239396277,0.0014321912526165032,98.2114024136496,Variant
21284 - RETROSPOT CANDLE  SMALL,21286 - RETROSPOT CANDLE  LARGE,38,0.0038558995262752012,0.0027817560868128237,0.0010466012999889832,97.57454031117398,Variant
84596E - SMALL LICORICE DES PINK BOWL,84596J - MIXED NUTS LIGHT GREEN BOWL,74,0.0055084278946788585,0.0038008152473284124,0.0020381183210311776,97.34753623188405,Variant
23029 - DRAWER KNOB CRACKLE GLAZE GREEN,23032 - DRAWER KNOB CRACKLE GLAZE IVORY,83,0.004296573757849509,0.005480885755205465,0.0022859975762917263,97.07395954129622,Variant
84559A - 3D SHEET OF DOG STICKERS,84559B - 3D SHEET OF CAT STICKERS,119,0.006334692078880688,0.005370717197311887,0.003277514597333921,96.33560758082497,Variant
17091B - JASMINE TEA INCENSE IN TIN,17091J - VANILLA INCENSE IN TIN,24,0.001404649113143109,0.004902500826264184,0.000661011347361463,95.98942498347652,Variant
84968A - SET OF 16 VINTAGE ROSE CUTLERY,84968F - SET OF 16 VINTAGE SKY BLUE CUTLERY,69,0.005535970034152253,0.003580478131541258,0.0019004076236642062,95.87646383467278,Variant
21263 - GREEN GOOSE FEATHER TREE 60CM,21264 - WHITE GOOSE FEATHER TREE 60CM,10,0.0015423598105100804,0.001872865484190812,0.00027542139473394294,95.34663865546219,Variant
85071B - RED CHARLIE+LOLA PERSONAL DOORSIGN,"85071C - CHARLIE+LOLA""EXTREMELY BUSY"" SIGN",61,0.0045444530131100586,0.003883441665748595,0.001680070507877052,95.19828067913174,Variant
85071A - BLUE CHARLIE+LOLA PERSONAL DOORSIGN,"85071C - CHARLIE+LOLA""EXTREMELY BUSY"" SIGN",54,0.004048694502588961,0.003883441665748595,0.0014872755315632918,94.59313938341295,Variant
21160 - KEEP OUT GIRLS DOOR HANGER,21161 - KEEP OUT BOYS DOOR HANGER,31,0.001597444089456869,0.005673680731519224,0.000853806323675223,94.20388349514565,Variant
23050 - RECYCLED ACAPULCO MAT GREEN,23054 - RECYCLED ACAPULCO MAT LAVENDER,69,0.00564613859204583,0.003580478131541258,0.0019004076236642062,94.00570356472795,Variant
46776C - WOVEN FROST CUSHION COVER,46776F - WOVEN ROSE GARDEN CUSHION COVER,39,0.002644045389445852,0.004324115897322904,0.0010741434394623774,93.9498407643312,Variant
84596E - SMALL LICORICE DES PINK BOWL,84596K - JELLY BABIES YELLOW SMALL BOWL,48,0.0055084278946788585,0.0025614189710256694,0.001322022694722926,93.69806451612902,Variant
21323 - HANGING MEDINA LANTERN LARGE,21324 - HANGING MEDINA LANTERN SMALL,36,0.0022033711578715435,0.004819874407844002,0.0009915170210421946,93.36342857142856,Variant
23051 - RECYCLED ACAPULCO MAT BLUE,23054 - RECYCLED ACAPULCO MAT LAVENDER,54,0.004461826594689876,0.003580478131541258,0.0014872755315632918,93.09743589743589,Variant
23049 - RECYCLED ACAPULCO MAT RED,23051 - RECYCLED ACAPULCO MAT BLUE,77,0.005122837942051339,0.004461826594689876,0.0021207447394513607,92.7822912518253,Variant
"82613C - METAL SIGN,CUPCAKE SINGLE HOOK",82613D - METAL SIGN CUPCAKE SINGLE HOOK,129,0.005150380081524733,0.007463919797289853,0.0035529359920678637,92.42322947293644,Variant
22248 - DECORATION  PINK CHICK MAGIC GARDEN,22249 - DECORATION WHITE CHICK MAGIC GARDEN,107,0.004764790128897213,0.006692739892034813,0.002947008923653189,92.41314017935727,Variant
84968E - SET OF 16 VINTAGE BLACK CUTLERY,84968F - SET OF 16 VINTAGE SKY BLUE CUTLERY,32,0.0026715875289192465,0.003580478131541258,0.0008813484631486173,92.13766851704996,Variant
85036A - GARDENIA 1 WICK MORRIS BOXED CANDLE,85036B - CHOCOLATE 1 WICK MORRIS BOX CANDLE,36,0.0045444530131100586,0.002368623994711909,0.0009915170210421946,92.11331923890064,Variant
20780 - BLACK EAR MUFF HEADPHONES,20781 - GOLD EAR MUFF HEADPHONES,15,0.0026715875289192465,0.001680070507877052,0.0004131320921009144,92.04326516815954,Variant
85135B - BLUE DRAGONFLY HELICOPTER,85135C - RED DRAGONFLY HELICOPTER,31,0.0030847196210201607,0.0030296353420733724,0.000853806323675223,91.35941558441559,Variant
22842 - BISCUIT TIN VINTAGE RED,22843 - BISCUIT TIN VINTAGE GREEN,105,0.006527487055194447,0.00487495868679079,0.002891924644706401,90.88035471644139,Variant
21547 - CERAMIC BIRDHOUSE CRESTED TIT SMALL,21550 - CERAMIC BIRDHOUSE CRESTED TIT LARGE,19,0.003277514597333921,0.0017626969262972347,0.0005233006499944916,90.57930672268908,Variant
22518 - CHILDS GARDEN BRUSH BLUE,22519 - CHILDS GARDEN BRUSH PINK,171,0.007326209099922882,0.0071058719841357275,0.004709705849950424,90.46843853820597,Variant
"82613B - METAL SIGN,CUPCAKE SINGLE HOOK",82613D - METAL SIGN CUPCAKE SINGLE HOOK,150,0.0061418971025669275,0.007463919797289853,0.004131320921009144,90.1196366223752,Variant
85130B - BEADED CRYSTAL HEART GREEN LARGE,85130D - BEADED CRYSTAL HEART PINK LARGE,22,0.0022859975762917263,0.002947008923653189,0.0006059270684146745,89.94212363472583,Variant
22480 - RED TEA TOWEL CLASSIC DESIGN,22482 - BLUE TEA TOWEL CLASSIC DESIGN,139,0.007243582681502699,0.005894017847306378,0.003828357386801807,89.67008990440993,Variant
23214 - JINGLE BELL HEART ANTIQUE GOLD,23215 - JINGLE BELL HEART ANTIQUE SILVER,53,0.002836840365759612,0.005756307149939408,0.0014597333920898976,89.39118316532726,Variant
21261 - GREEN GOOSE FEATHER CHRISTMAS TREE,21262 - WHITE GOOSE FEATHER CHRISTMAS TREE,25,0.0021207447394513607,0.0036355624104880465,0.0006885534868348573,89.30539157811884,Variant
21706 - FOLDING UMBRELLA RED/WHITE POLKADOT,21711 - FOLDING UMBRELLA WHITE/RED POLKADOT,44,0.006940619147295362,0.001955491902610995,0.001211854136829349,89.28862061256429,Variant
72800D - 4 BLUE DINNER CANDLES SILVER FLOCK,72800F - 4 IVORY DINNER CANDLES GOLD FLOCK,14,0.002341081855238515,0.0018453233447174176,0.0003855899526275201,89.25583845478488,Variant
23166 - MEDIUM CERAMIC TOP STORAGE JAR,23167 - SMALL CERAMIC TOP STORAGE JAR,139,0.0067753663104549965,0.006334692078880688,0.003828357386801807,89.19780841286673,Variant
22453 - MEASURING TAPE BABUSHKA BLUE,22454 - MEASURING TAPE BABUSHKA RED,63,0.003966068084168778,0.004930042965737578,0.0017351547868238405,88.74162011173183,Variant
84913A - SOFT PINK ROSE TOWEL,84913B - MINT GREEN ROSE TOWEL,130,0.007326209099922882,0.0055084278946788585,0.003580478131541258,88.72255639097745,Variant
79190B - RETRO PLASTIC POLKA TRAY,79191B - RETRO PLASTIC POLKA TRAY,23,0.0037181888289082297,0.0019279497631376006,0.0006334692078880687,88.36867724867724,Variant
84993A - 75 GREEN PETIT FOUR CASES,84993B - 75 BLACK PETIT FOUR CASES,37,0.00487495868679079,0.002368623994711909,0.0010190591605155888,88.25358034423861,Variant
84596J - MIXED NUTS LIGHT GREEN BOWL,84596L - BISCUITS SMALL BOWL LIGHT BLUE,85,0.0038008152473284124,0.006995703426242151,0.002341081855238515,88.04576058427479,Variant
85194L - HANGING SPRING FLOWER EGG LARGE,85194S - HANGING SPRING FLOWER EGG SMALL,46,0.004021152363115567,0.0036080202710146525,0.0012669384157761375,87.32447976576387,Variant
23171 - REGENCY TEA PLATE GREEN,23172 - REGENCY TEA PLATE PINK,278,0.010466012999889831,0.00840035253938526,0.007656714773603614,87.08907679033649,Variant
22925 - BLUE GIANT GARDEN THERMOMETER,22927 - GREEN GIANT GARDEN THERMOMETER,74,0.00526054863941831,0.004461826594689876,0.0020381183210311776,86.8331717406761,Variant
23050 - RECYCLED ACAPULCO MAT GREEN,23053 - RECYCLED ACAPULCO MAT PINK,80,0.00564613859204583,0.004516910873636664,0.0022033711578715435,86.39619274241524,Variant
23051 - RECYCLED ACAPULCO MAT BLUE,23053 - RECYCLED ACAPULCO MAT PINK,63,0.004461826594689876,0.004516910873636664,0.0017351547868238405,86.09620596205963,Variant
79191B - RETRO PLASTIC POLKA TRAY,79191C - RETRO PLASTIC ELEPHANT TRAY,26,0.0019279497631376006,0.004324115897322904,0.0007160956263082516,85.89699727024568,Variant
21846 - PINK DIAMANTE PEN IN GIFT BOX,21849 - SILVER DIAMANTE PEN IN GIFT BOX,83,0.007271124820976093,0.003663104549961441,0.0022859975762917263,85.82718159033949,Variant
22306 - SILVER MUG BONE CHINA TREE OF LIFE,22307 - GOLD MUG BONE CHINA TREE OF LIFE,45,0.00448936873416327,0.0032224303183871323,0.0012393962763027433,85.67248702218028,Variant
23049 - RECYCLED ACAPULCO MAT RED,23054 - RECYCLED ACAPULCO MAT LAVENDER,57,0.005122837942051339,0.003580478131541258,0.0015699019499834748,85.5895781637717,Variant
22524 - CHILDRENS GARDEN GLOVES BLUE,22525 - CHILDRENS GARDEN GLOVES PINK,226,0.008069846865704527,0.009033821747273327,0.00622452352098711,85.38258553233997,Variant
21191 - LARGE WHITE HONEYCOMB PAPER BELL,21192 - WHITE BELL HONEYCOMB PAPER,102,0.005535970034152253,0.005949102126253167,0.002809298226286218,85.30071862907684,Variant
15044A - PINK PAPER PARASOL,15044B - BLUE PAPER PARASOL,111,0.006885534868348573,0.0052054643604715215,0.0030571774815467668,85.29498412698413,Variant
84519A - TOMATO CHARLIE+LOLA COASTER SET,84519B - CARROT CHARLIE+LOLA COASTER SET,102,0.005591054313099041,0.005894017847306378,0.002809298226286218,85.24966622162886,Variant
84968A - SET OF 16 VINTAGE ROSE CUTLERY,84968D - SET OF 16 VINTAGE RED CUTLERY,50,0.005535970034152253,0.0029194667841797952,0.0013771069736697146,85.20604524547075,Variant
85135A - YELLOW DRAGONFLY HELICOPTER,85135B - BLUE DRAGONFLY HELICOPTER,16,0.001680070507877052,0.0030847196210201607,0.00044067423157430867,85.0304449648712,Variant
47591A - CAROUSEL CHILDRENS APRON,47591B - SCOTTIES CHILDRENS APRON,46,0.0019279497631376006,0.0077393411920237964,0.0012669384157761375,84.90940518556177,Variant
21652 - GLASS ETCHED T-LIGHT HOLDER MEDIUM,21653 - GLASS ETCHED T-LIGHT HOLDER LARGE,20,0.0021482868789247547,0.0030296353420733724,0.0005508427894678859,84.63403263403265,Variant
21846 - PINK DIAMANTE PEN IN GIFT BOX,21850 - BLUE  DIAMANTE PEN IN GIFT BOX,65,0.007271124820976093,0.0029194667841797952,0.001790239065770629,84.334619782733,Variant
84569C - PACK 4 FLOWER/BUTTERFLY PATCHES,84569D - PACK 6 HEART/ICE-CREAM PATCHES,37,0.002451250413132092,0.004930042965737578,0.0010190591605155888,84.32590546732784,Variant
"82613A - METAL SIGN,CUPCAKE SINGLE HOOK","82613B - METAL SIGN,CUPCAKE SINGLE HOOK",60,0.003194888178913738,0.0061418971025669275,0.0016525283684036575,84.2152466367713,Variant
85131A - BEADED PEARL HEART WHITE ON STICK,85131C - BEADED CRYSTAL HEART BLUE ON STICK,33,0.00545334361573207,0.001983034042084389,0.0009088906026220116,84.0462962962963,Variant
72799E - IVORY PILLAR CANDLE SILVER FLOCK,72799F - IVORY PILLAR CANDLE GOLD FLOCK,42,0.004902500826264184,0.002809298226286218,0.0011567698578825603,83.99074686054196,Variant
15044B - BLUE PAPER PARASOL,15044D - RED PAPER PARASOL,99,0.0052054643604715215,0.006252065660460504,0.002726671807866035,83.7818334382211,Variant
72799C - PINK PILLAR CANDLE SILVER FLOCK,72799F - IVORY PILLAR CANDLE GOLD FLOCK,11,0.0012944805552495319,0.002809298226286218,0.0003029635342073372,83.30997079682936,Variant
23351 - ROLL WRAP 50'S CHRISTMAS,23352 - ROLL WRAP 50'S RED CHRISTMAS,172,0.00974991737358158,0.0058389335683595904,0.004737247989423818,83.21309028888177,Variant
85036A - GARDENIA 1 WICK MORRIS BOXED CANDLE,85036C - ROSE 1 WICK MORRIS BOXED CANDLE,48,0.0045444530131100586,0.0034978517131210754,0.001322022694722926,83.16793128131711,Variant
35599B - BLACK CHRISTMAS TREE 120CM,35599D - PINK AND WHITE CHRISTMAS TREE 120CM,12,0.001404649113143109,0.002836840365759612,0.0003305056736807315,82.94231867504283,Variant
85136B - BLUE SHARK HELICOPTER,85136C - RED SHARK HELICOPTER,13,0.0012944805552495319,0.003360141015754104,0.0003580478131541258,82.31670735960934,Variant
"85129A - WHITE PEARL BEADED HEART, SMALL",85129C - BEADED CRYSTAL HEART BLUE SMALL,11,0.002065660460504572,0.001790239065770629,0.0003029635342073372,81.92574358974359,Variant
79323GR - GREEN CHERRY LIGHTS,79323P - PINK CHERRY LIGHTS,49,0.0022859975762917263,0.007271124820976093,0.0013495648341963205,81.19258853596205,Variant
85136A - YELLOW SHARK HELICOPTER,85136B - BLUE SHARK HELICOPTER,11,0.002891924644706401,0.0012944805552495319,0.0003029635342073372,80.92968591691995,Variant
22522 - CHILDS GARDEN FORK BLUE,22523 - CHILDS GARDEN FORK PINK,260,0.009199074584113695,0.009667290955161396,0.007160956263082516,80.52339764914615,Variant
72802A - ROSE SCENT CANDLE IN JEWELLED BOX,72802B - OCEAN SCENT CANDLE IN JEWELLED BOX,85,0.005012669384157761,0.005811391428886196,0.002341081855238515,80.36508515181502,Variant
84569B - PACK 3 FIRE ENGINE/CAR PATCHES,84569D - PACK 6 HEART/ICE-CREAM PATCHES,30,0.0020932025999779664,0.004930042965737578,0.0008262641842018288,80.06762716847986,Variant
85034B - 3 WHITE CHOC MORRIS BOXED CANDLES,85034C - 3 ROSE MORRIS BOXED CANDLES,66,0.004186405199955933,0.005425801476258676,0.0018177812052440233,80.0269837029121,Variant
84968A - SET OF 16 VINTAGE ROSE CUTLERY,84968C - SET OF 16 VINTAGE PISTACHIO CUTLERY,84,0.005535970034152253,0.0052330064999449154,0.0023135397157651207,79.86048703849175,Variant
79323B - BLACK CHERRY LIGHTS,79323P - PINK CHERRY LIGHTS,33,0.0015699019499834748,0.007271124820976093,0.0009088906026220116,79.62280701754385,Variant
84568 - GIRLS ALPHABET IRON ON PATCHES,84598 - BOYS ALPHABET IRON ON PATCHES,145,0.008455436818332048,0.005949102126253167,0.003993610223642172,79.39226685969358,Variant
85136A - YELLOW SHARK HELICOPTER,85136C - RED SHARK HELICOPTER,28,0.002891924644706401,0.003360141015754104,0.0007711799052550402,79.36174863387977,Variant
23333 - IVORY WICKER HEART MEDIUM,23334 - IVORY WICKER HEART SMALL,66,0.006417318497300871,0.003580478131541258,0.0018177812052440233,79.11284252228458,Variant
84997a - CHILDRENS CUTLERY POLKADOT GREEN,84997b - CHILDRENS CUTLERY RETROSPOT RED,15,0.002230913297344938,0.002341081855238515,0.0004131320921009144,79.10239651416121,Variant
21738 - COSY SLIPPER SHOES SMALL  RED,21741 - COSY SLIPPER SHOES LARGE GREEN,54,0.0036080202710146525,0.0052330064999449154,0.0014872755315632918,78.7718762555243,Variant
85170B - SET/6 BLACK BIRD T-LIGHT CANDLES,85170D - SET/6 PINK BIRD T-LIGHT CANDLES,19,0.001597444089456869,0.004158863060482538,0.0005233006499944916,78.76821192052981,Variant
"82613A - METAL SIGN,CUPCAKE SINGLE HOOK","82613C - METAL SIGN,CUPCAKE SINGLE HOOK",47,0.003194888178913738,0.005150380081524733,0.0012944805552495319,78.66844919786097,Variant
21682 - LARGE MEDINA STAMPED METAL BOWL,21684 - SMALL MEDINA STAMPED METAL BOWL,34,0.004158863060482538,0.0028643825052330064,0.000936432742095406,78.60876209882834,Variant
85035B - CHOCOLATE 3 WICK MORRIS BOX CANDLE,85035C - ROSE 3 WICK MORRIS BOX CANDLE,55,0.0035529359920678637,0.005425801476258676,0.0015148176710366862,78.57946720182585,Variant
23165 - LARGE CERAMIC TOP STORAGE JAR,23166 - MEDIUM CERAMIC TOP STORAGE JAR,149,0.0077117990525504025,0.0067753663104549965,0.00410377878153575,78.54082462253194,Variant
22292 - HANGING CHICK  YELLOW DECORATION,22293 - HANGING CHICK GREEN DECORATION,108,0.0061143549630935335,0.006196981381513716,0.0029745510631265836,78.50378378378377,Variant
79191C - RETRO PLASTIC ELEPHANT TRAY,79191D - RETRO PLASTIC DAISY TRAY,19,0.004324115897322904,0.0015423598105100804,0.0005233006499944916,78.46360327570518,Variant
22449 - SILK PURSE BABUSHKA PINK,22450 - SILK PURSE BABUSHKA BLUE,119,0.008482978957805443,0.004930042965737578,0.003277514597333921,78.36922295581515,Variant
22323 - PINK POLKADOT KIDS BAG,22324 - BLUE POLKADOT KIDS BAG,38,0.003194888178913738,0.004186405199955933,0.0010466012999889832,78.25,Variant
22777 - GLASS CLOCHE LARGE,22778 - GLASS CLOCHE SMALL,40,0.002644045389445852,0.005343175057838493,0.0011016855789357718,77.98109965635739,Variant
21792 - CLASSIC FRENCH STYLE BASKET GREEN,21793 - CLASSIC FRENCH STYLE BASKET BROWN,30,0.0038558995262752012,0.0027542139473394293,0.0008262641842018288,77.80285714285714,Variant
23119 - PACK OF 6 LARGE FRUIT STRAWS,23120 - PACK OF 6 SMALL FRUIT STRAWS,32,0.004131320921009144,0.0027542139473394293,0.0008813484631486173,77.45706666666666,Variant
15044B - BLUE PAPER PARASOL,15044C - PURPLE PAPER PARASOL,93,0.0052054643604715215,0.006362234218354082,0.0025614189710256694,77.34130419844705,Variant
22520 - CHILDS GARDEN TROWEL BLUE,22521 - CHILDS GARDEN TROWEL PINK,290,0.0101355073262091,0.010190591605155888,0.007987220447284345,77.33049353701529,Variant
85017B - ENVELOPE 50 BLOSSOM IMAGES,85017C - ENVELOPE 50 CURIOUS IMAGES,80,0.008730858213065991,0.003277514597333921,0.0022033711578715435,76.99917822018396,Variant
20867 - PINK ROSE FABRIC MIRROR,20868 - SILVER FABRIC MIRROR,23,0.004213947339429327,0.001955491902610995,0.0006334692078880687,76.87415999263557,Variant
85170B - SET/6 BLACK BIRD T-LIGHT CANDLES,85170C - SET/6 EAU DE NIL BIRD T-LIGHTS,13,0.001597444089456869,0.0029194667841797952,0.0003580478131541258,76.77358490566039,Variant
21738 - COSY SLIPPER SHOES SMALL  RED,21739 - COSY SLIPPER SHOES SMALL GREEN,49,0.0036080202710146525,0.00487495868679079,0.0013495648341963205,76.72799413464442,Variant
22962 - JAM JAR WITH PINK LID,22963 - JAM JAR WITH GREEN LID,236,0.009694833094634791,0.00878594249201278,0.006499944915721053,76.3099173553719,Variant
22260 - FELT EGG COSY BLUE RABBIT,22261 - FELT EGG COSY WHITE RABBIT,123,0.006637655613088025,0.006692739892034813,0.0033876831552274982,76.25777367962708,Variant
85034A - 3 GARDENIA MORRIS BOXED CANDLES,85034C - 3 ROSE MORRIS BOXED CANDLES,55,0.003663104549961441,0.005425801476258676,0.0015148176710366862,76.21617495515439,Variant
23049 - RECYCLED ACAPULCO MAT RED,23050 - RECYCLED ACAPULCO MAT GREEN,80,0.005122837942051339,0.00564613859204583,0.0022033711578715435,76.17728822449514,Variant
22070 - SMALL RED RETROSPOT MUG IN BOX,22071 - SMALL WHITE RETROSPOT MUG IN BOX,171,0.008813484631486174,0.007050787705188939,0.004709705849950424,75.78940429687499,Variant
17012A - ORIGAMI VANILLA INCENSE/CANDLE SET,17012D - ORIGAMI ROSE INCENSE/CANDLE SET,23,0.0026165032499724577,0.003194888178913738,0.0006334692078880687,75.77894736842106,Variant
85017A - ENVELOPE 50 ROMANTIC IMAGES,85017B - ENVELOPE 50 BLOSSOM IMAGES,115,0.004792332268370607,0.008730858213065991,0.003167346039440344,75.69926393270242,Variant
84508A - CAMOUFLAGE DESIGN TEDDY,84508B - STRIPES DESIGN TEDDY,16,0.002891924644706401,0.0020381183210311776,0.00044067423157430867,74.76550836550837,Variant
85035A - GARDENIA 3 WICK MORRIS BOXED CANDLE,85035B - CHOCOLATE 3 WICK MORRIS BOX CANDLE,47,0.00487495868679079,0.0035529359920678637,0.0012944805552495319,74.73726623746333,Variant
85206A - CREAM FELT EASTER EGG BASKET,85206B - PINK FELT EASTER EGG BASKET,118,0.008703316073592596,0.005012669384157761,0.0032499724578605267,74.49478369731536,Variant
85039A - SET/4 RED MINI ROSE CANDLE IN BOWL,85039C - S/4 BLACK MINI ROSE CANDLE IN BOWL,57,0.006857992728875179,0.0031398038999669495,0.0015699019499834748,72.90763052208835,Variant
84968C - SET OF 16 VINTAGE PISTACHIO CUTLERY,84968E - SET OF 16 VINTAGE BLACK CUTLERY,37,0.0052330064999449154,0.0026715875289192465,0.0010190591605155888,72.89180683667932,Variant
84569A - PACK 3 IRON ON DOG PATCHES,84569C - PACK 4 FLOWER/BUTTERFLY PATCHES,20,0.0030847196210201607,0.002451250413132092,0.0005508427894678859,72.84911717495987,Variant
79323LP - LIGHT PINK CHERRY LIGHTS,79323P - PINK CHERRY LIGHTS,90,0.00468216371047703,0.007271124820976093,0.0024787925526054866,72.8101604278075,Variant
79323G - GOLD  CHERRY LIGHTS,79323P - PINK CHERRY LIGHTS,32,0.001680070507877052,0.007271124820976093,0.0008813484631486173,72.14704421261798,Variant
23329 - DECORATIVE WICKER HEART LARGE,23330 - DECORATIVE WICKER HEART MEDIUM,99,0.006417318497300871,0.005921559986779773,0.002726671807866035,71.75350833416508,Variant
84031A - CHARLIE+LOLA RED HOT WATER BOTTLE,84031B - CHARLIE LOLA BLUE HOT WATER BOTTLE,167,0.008648231794645809,0.007463919797289853,0.004599537292056847,71.25574071027334,Variant
21158 - MOODY GIRL DOOR HANGER,21159 - MOODY BOY  DOOR HANGER,152,0.008538063236752231,0.006885534868348573,0.004186405199955933,71.21052903225807,Variant
72802B - OCEAN SCENT CANDLE IN JEWELLED BOX,72802C - VANILLA SCENT CANDLE JEWELLED BOX,111,0.005811391428886196,0.0074088355183430646,0.0030571774815467668,71.00526788703114,Variant
84750A - PINK SMALL GLASS CAKE STAND,84750B - BLACK SMALL GLASS CAKE STAND,16,0.002891924644706401,0.0021482868789247547,0.00044067423157430867,70.93137973137974,Variant
23132 - SMALL IVORY HEART WALL ORGANISER,23133 - LARGE IVORY HEART WALL ORGANISER,46,0.004186405199955933,0.0042690316183761155,0.0012669384157761375,70.8899830220713,Variant
23329 - DECORATIVE WICKER HEART LARGE,23331 - DECORATIVE WICKER HEART SMALL,49,0.006417318497300871,0.0029745510631265836,0.0013495648341963205,70.69988872993166,Variant
85039B - S/4 IVORY MINI ROSE CANDLE IN BOWL,85039C - S/4 BLACK MINI ROSE CANDLE IN BOWL,59,0.007326209099922882,0.0031398038999669495,0.0016249862289302633,70.64279118849755,Variant
22926 - IVORY GIANT GARDEN THERMOMETER,22927 - GREEN GIANT GARDEN THERMOMETER,68,0.005949102126253167,0.004461826594689876,0.001872865484190812,70.55738454503886,Variant
15044A - PINK PAPER PARASOL,15044C - PURPLE PAPER PARASOL,112,0.006885534868348573,0.006362234218354082,0.0030847196210201607,70.41551515151515,Variant
85231E - STRAWBERRY SCENTED SET/9 T-LIGHTS,85231G - ORANGE SCENTED SET/9 T-LIGHTS,52,0.0029194667841797952,0.006968161286768756,0.0014321912526165032,70.40107390558579,Variant
47599A - PINK PARTY BAGS,47599B - BLUE PARTY BAGS,202,0.010107965186735705,0.007877051889390767,0.005563512173625647,69.87496427278445,Variant
85129C - BEADED CRYSTAL HEART BLUE SMALL,85129D - BEADED CRYSTAL HEART PINK SMALL,21,0.001790239065770629,0.004627079431530241,0.0005783849289412802,69.82307692307691,Variant
79323LP - LIGHT PINK CHERRY LIGHTS,79323W - WHITE CHERRY LIGHTS,112,0.00468216371047703,0.009474495978847636,0.0030847196210201607,69.53652530779753,Variant
22756 - LARGE YELLOW BABUSHKA NOTEBOOK,22757 - LARGE RED BABUSHKA NOTEBOOK,126,0.005894017847306378,0.008482978957805443,0.003470309573647681,69.40781648258283,Variant
15044C - PURPLE PAPER PARASOL,15044D - RED PAPER PARASOL,100,0.006362234218354082,0.006252065660460504,0.0027542139473394293,69.24118465968687,Variant
84968A - SET OF 16 VINTAGE ROSE CUTLERY,84968E - SET OF 16 VINTAGE BLACK CUTLERY,37,0.005535970034152253,0.0026715875289192465,0.0010190591605155888,68.90270297994562,Variant
84509B - SET OF 4 FAIRY CAKE PLACEMATS,84509G - SET OF 4 FAIRY CAKE PLACEMATS,59,0.005398259336785282,0.004379200176269693,0.0016249862289302633,68.7386728276216,Variant
84459A - PINK METAL CHICKEN HEART,84459B - YELLOW METAL CHICKEN HEART,81,0.005535970034152253,0.005866475707832984,0.002230913297344938,68.69287365986966,Variant
84247L - FAWN AND MUSHROOM GREETING CARD,84247N - PACK/12 BLUE FOLKART CARDS,11,0.0030296353420733724,0.0014597333920898976,0.0003029635342073372,68.5056603773585,Variant
23332 - IVORY WICKER HEART LARGE,23333 - IVORY WICKER HEART MEDIUM,126,0.007904594028864162,0.006417318497300871,0.003470309573647681,68.4124358840155,Variant
47593A - CAROUSEL PONIES BABY BIB,47593B - SCOTTIE DOGS BABY BIB,65,0.0026715875289192465,0.009805001652528369,0.001790239065770629,68.34298621568401,Variant
47503A - ASS FLORAL PRINT MULTI SCREWDRIVER,47503H - ASS FLORAL PRINT SPIRIT LEVEL,22,0.005370717197311887,0.0016525283684036575,0.0006059270684146745,68.27145299145299,Variant
22175 - PINK OWL SOFT TOY,22176 - BLUE OWL SOFT TOY,176,0.00999779662884213,0.0071058719841357275,0.004847416547317396,68.23208832511158,Variant
22925 - BLUE GIANT GARDEN THERMOMETER,22928 - YELLOW GIANT GARDEN THERMOMETER,42,0.00526054863941831,0.0032499724578605267,0.0011567698578825603,67.66066199307835,Variant
15044A - PINK PAPER PARASOL,15044D - RED PAPER PARASOL,105,0.006885534868348573,0.006252065660460504,0.002891924644706401,67.17779735682821,Variant
85114B - IVORY ENCHANTED FOREST PLACEMAT,85114C - RED ENCHANTED FOREST PLACEMAT,66,0.0061418971025669275,0.004434284455216481,0.0018177812052440233,66.74450603013676,Variant
22927 - GREEN GIANT GARDEN THERMOMETER,22928 - YELLOW GIANT GARDEN THERMOMETER,35,0.004461826594689876,0.0032499724578605267,0.0009639748815688003,66.4772965055451,Variant
21739 - COSY SLIPPER SHOES SMALL GREEN,21740 - COSY SLIPPER SHOES LARGE RED,21,0.00487495868679079,0.001790239065770629,0.0005783849289412802,66.27275097783573,Variant
85129B - BEADED CRYSTAL HEART GREEN SMALL,85129D - BEADED CRYSTAL HEART PINK SMALL,17,0.0015423598105100804,0.004627079431530241,0.000468216371047703,65.60756802721089,Variant
15058B - PINK POLKADOT GARDEN PARASOL,15058C - ICE CREAM DESIGN GARDEN PARASOL,34,0.004296573757849509,0.0033325988762807094,0.000936432742095406,65.39902521720704,Variant
79323P - PINK CHERRY LIGHTS,79323W - WHITE CHERRY LIGHTS,163,0.007271124820976093,0.009474495978847636,0.00448936873416327,65.16697498238196,Variant
84596E - SMALL LICORICE DES PINK BOWL,84596L - BISCUITS SMALL BOWL LIGHT BLUE,91,0.0055084278946788585,0.006995703426242151,0.0025063346920788806,65.03992125984252,Variant
22756 - LARGE YELLOW BABUSHKA NOTEBOOK,22758 - LARGE PURPLE BABUSHKA NOTEBOOK,120,0.005894017847306378,0.008648231794645809,0.003305056736807315,64.83957378415381,Variant
20866 - BLUE ROSE FABRIC MIRROR,20868 - SILVER FABRIC MIRROR,24,0.0052330064999449154,0.001955491902610995,0.000661011347361463,64.59540400296517,Variant
84596K - JELLY BABIES YELLOW SMALL BOWL,84596L - BISCUITS SMALL BOWL LIGHT BLUE,42,0.0025614189710256694,0.006995703426242151,0.0011567698578825603,64.55575311150622,Variant
85131A - BEADED PEARL HEART WHITE ON STICK,85131B - BEADED CRYSTAL HEART GREEN ON STICK,76,0.00545334361573207,0.005949102126253167,0.0020932025999779664,64.52038907594464,Variant
85231B - CINAMMON SET OF 9 T-LIGHTS,85231G - ORANGE SCENTED SET/9 T-LIGHTS,172,0.010576181557783408,0.006968161286768756,0.004737247989423818,64.28046772068511,Variant
23049 - RECYCLED ACAPULCO MAT RED,23053 - RECYCLED ACAPULCO MAT PINK,54,0.005122837942051339,0.004516910873636664,0.0014872755315632918,64.27458693941779,Variant
84968B - SET OF 16 VINTAGE IVORY CUTLERY,84968F - SET OF 16 VINTAGE SKY BLUE CUTLERY,31,0.0037181888289082297,0.003580478131541258,0.000853806323675223,64.13378917378917,Variant
79323P - PINK CHERRY LIGHTS,79323S - SILVER CHERRY LIGHTS,26,0.007271124820976093,0.0015423598105100804,0.0007160956263082516,63.853354978354986,Variant
23165 - LARGE CERAMIC TOP STORAGE JAR,23167 - SMALL CERAMIC TOP STORAGE JAR,113,0.0077117990525504025,0.006334692078880688,0.003112261760493555,63.708136645962725,Variant
22452 - MEASURING TAPE BABUSHKA PINK,22454 - MEASURING TAPE BABUSHKA RED,80,0.007023245565715545,0.004930042965737578,0.0022033711578715435,63.635447475079424,Variant
72807A - SET/3 ROSE CANDLE IN JEWELLED BOX,72807B - SET/3 OCEAN SCENT CANDLE JEWEL BOX,85,0.005949102126253167,0.006196981381513716,0.002341081855238515,63.50164609053498,Variant
85131A - BEADED PEARL HEART WHITE ON STICK,85131D - BEADED CRYSTAL HEART PINK ON STICK,92,0.00545334361573207,0.007353751239396277,0.002533876831552275,63.18495819619415,Variant
85130A - BEADED PEARL HEART WHITE LARGE,85130D - BEADED CRYSTAL HEART PINK LARGE,16,0.002368623994711909,0.002947008923653189,0.00044067423157430867,63.130623777439695,Variant
79323G - GOLD  CHERRY LIGHTS,79323LP - LIGHT PINK CHERRY LIGHTS,18,0.001680070507877052,0.00468216371047703,0.0004957585105210973,63.02256509161041,Variant
22446 - PIN CUSHION BABUSHKA PINK,22448 - PIN CUSHION BABUSHKA RED,39,0.005122837942051339,0.0033325988762807094,0.0010741434394623774,62.9170887763263,Variant
72800E - 4 IVORY DINNER CANDLES SILVER FLOCK,72800F - 4 IVORY DINNER CANDLES GOLD FLOCK,33,0.007849509749917374,0.0018453233447174176,0.0009088906026220116,62.747525530243514,Variant
85039A - SET/4 RED MINI ROSE CANDLE IN BOWL,85039B - S/4 IVORY MINI ROSE CANDLE IN BOWL,114,0.006857992728875179,0.007326209099922882,0.0031398038999669495,62.49225473321859,Variant
85035A - GARDENIA 3 WICK MORRIS BOXED CANDLE,85035C - ROSE 3 WICK MORRIS BOX CANDLE,60,0.00487495868679079,0.005425801476258676,0.0016525283684036575,62.476124924718235,Variant
35001G - HAND OPEN SHAPE GOLD,35001W - HAND OPEN SHAPE DECO.WHITE,33,0.002809298226286218,0.0052054643604715215,0.0009088906026220116,62.15188297541238,Variant
22773 - GREEN DRAWER KNOB ACRYLIC EDWARDIAN,22805 - BLUE DRAWER KNOB ACRYLIC EDWARDIAN,89,0.006252065660460504,0.006362234218354082,0.002451250413132092,61.624654347121314,Variant
72802A - ROSE SCENT CANDLE IN JEWELLED BOX,72802C - VANILLA SCENT CANDLE JEWELLED BOX,83,0.005012669384157761,0.0074088355183430646,0.0022859975762917263,61.554066751092776,Variant
22774 - RED DRAWER KNOB ACRYLIC EDWARDIAN,22805 - BLUE DRAWER KNOB ACRYLIC EDWARDIAN,72,0.00506775366310455,0.006362234218354082,0.001983034042084389,61.50423489553925,Variant
85114A - BLACK ENCHANTED FOREST PLACEMAT,85114C - RED ENCHANTED FOREST PLACEMAT,28,0.002836840365759612,0.004434284455216481,0.0007711799052550402,61.3051920641621,Variant
21804 - WHITE CHRISTMAS GARLAND STARS TREES,"21808 - CHRISTMAS GARLAND STARS,TREES",33,0.003773273107855018,0.0039385259446953836,0.0009088906026220116,61.158899494665924,Variant
84968B - SET OF 16 VINTAGE IVORY CUTLERY,84968E - SET OF 16 VINTAGE BLACK CUTLERY,22,0.0037181888289082297,0.0026715875289192465,0.0006059270684146745,60.99854906452844,Variant
84596G - SMALL CHOCOLATES PINK BOWL,84596L - BISCUITS SMALL BOWL LIGHT BLUE,148,0.009584664536741214,0.006995703426242151,0.004076236642062355,60.79265091863517,Variant
15058A - BLUE POLKADOT GARDEN PARASOL,15058C - ICE CREAM DESIGN GARDEN PARASOL,29,0.003993610223642172,0.0033325988762807094,0.0007987220447284345,60.01322314049587,Variant
79323GR - GREEN CHERRY LIGHTS,79323W - WHITE CHERRY LIGHTS,47,0.0022859975762917263,0.009474495978847636,0.0012944805552495319,59.76730176520035,Variant
72800B - 4 PURPLE FLOCK DINNER CANDLES,72800F - 4 IVORY DINNER CANDLES GOLD FLOCK,10,0.0025063346920788806,0.0018453233447174176,0.00027542139473394294,59.55059865507627,Variant
35471A - SET OF 3 BIRD L.BLUE FEATHER,35471D - SET OF 3 BIRD LIGHT PINK FEATHER,47,0.0022859975762917263,0.009584664536741214,0.0012944805552495319,59.08032128514057,Variant
84596G - SMALL CHOCOLATES PINK BOWL,84596J - MIXED NUTS LIGHT GREEN BOWL,78,0.009584664536741214,0.0038008152473284124,0.0021482868789247547,58.971014492753625,Variant
21445 - 12 PINK ROSE PEG PLACE SETTINGS,21446 - 12 RED ROSE PEG PLACE SETTINGS,55,0.004021152363115567,0.006389776357827476,0.0015148176710366862,58.955479452054796,Variant
84968A - SET OF 16 VINTAGE ROSE CUTLERY,84968B - SET OF 16 VINTAGE IVORY CUTLERY,44,0.005535970034152253,0.0037181888289082297,0.001211854136829349,58.87422148516675,Variant
35004B - SET OF 3 BLACK FLYING DUCKS,35004P - SET OF 3 PINK FLYING DUCKS,19,0.007519004076236642,0.0011843119973559545,0.0005233006499944916,58.76582332396286,Variant
22772 - PINK DRAWER KNOB ACRYLIC EDWARDIAN,22805 - BLUE DRAWER KNOB ACRYLIC EDWARDIAN,117,0.008648231794645809,0.006362234218354082,0.0032224303183871323,58.56613450244023,Variant
20734 - SILVER MINI TAPE MEASURE,20735 - BLACK MINI TAPE MEASURE,38,0.0032224303183871323,0.005563512173625647,0.0010466012999889832,58.377930100702386,Variant
20867 - PINK ROSE FABRIC MIRROR,20869 - GOLD FABRIC MIRROR,13,0.004213947339429327,0.0014597333920898976,0.0003580478131541258,58.20742385004316,Variant
85040A - S/4 PINK FLOWER CANDLES IN BOWL,85040B - SET/4 BLUE FLOWER CANDLES IN BOWL,161,0.011016855789357717,0.006940619147295362,0.004434284455216481,57.99194444444445,Variant
20866 - BLUE ROSE FABRIC MIRROR,20869 - GOLD FABRIC MIRROR,16,0.0052330064999449154,0.0014597333920898976,0.00044067423157430867,57.68897715988083,Variant
22695 - WICKER WREATH SMALL,22696 - WICKER WREATH LARGE,102,0.006196981381513716,0.007877051889390767,0.002809298226286218,57.5511421911422,Variant
40018E - TEA TIME PAPER LANTERNS,40018F - CHERRY DESIGN PAPERLANTERNS,15,0.002230913297344938,0.0032224303183871323,0.0004131320921009144,57.46755302310857,Variant
22772 - PINK DRAWER KNOB ACRYLIC EDWARDIAN,22774 - RED DRAWER KNOB ACRYLIC EDWARDIAN,91,0.008648231794645809,0.00506775366310455,0.0025063346920788806,57.18685959567986,Variant
72800D - 4 BLUE DINNER CANDLES SILVER FLOCK,72800E - 4 IVORY DINNER CANDLES SILVER FLOCK,38,0.002341081855238515,0.007849509749917374,0.0010466012999889832,56.95372549019607,Variant
85114A - BLACK ENCHANTED FOREST PLACEMAT,85114B - IVORY ENCHANTED FOREST PLACEMAT,36,0.002836840365759612,0.0061418971025669275,0.0009915170210421946,56.90661326135226,Variant
85132B - CHARLIE AND LOLA TABLE TINS,85132C - CHARLIE AND LOLA FIGURES TINS,58,0.0033876831552274982,0.008290183981491683,0.001597444089456869,56.87988547659562,Variant
"51014A - FEATHER PEN,HOT PINK","51014L - FEATHER PEN,LIGHT PINK",133,0.010355844441996255,0.00622452352098711,0.003663104549961441,56.827386556204104,Variant
"85129A - WHITE PEARL BEADED HEART, SMALL",85130A - BEADED PEARL HEART WHITE LARGE,10,0.002065660460504572,0.002368623994711909,0.00027542139473394294,56.291472868217056,Variant
79323B - BLACK CHERRY LIGHTS,79323LP - LIGHT PINK CHERRY LIGHTS,15,0.0015699019499834748,0.00468216371047703,0.0004131320921009144,56.20433436532507,Variant
22757 - LARGE RED BABUSHKA NOTEBOOK,22758 - LARGE PURPLE BABUSHKA NOTEBOOK,149,0.008482978957805443,0.008648231794645809,0.00410377878153575,55.93816692861278,Variant
79323B - BLACK CHERRY LIGHTS,79323W - WHITE CHERRY LIGHTS,30,0.0015699019499834748,0.009474495978847636,0.0008262641842018288,55.55079559363525,Variant
"84247G - DECOUPAGE,GREETING CARD,",84247L - FAWN AND MUSHROOM GREETING CARD,18,0.002947008923653189,0.0030296353420733724,0.0004957585105210973,55.52625318606628,Variant
22772 - PINK DRAWER KNOB ACRYLIC EDWARDIAN,22773 - GREEN DRAWER KNOB ACRYLIC EDWARDIAN,109,0.008648231794645809,0.006252065660460504,0.003002093202599978,55.523050590645084,Variant
84795B - SUNSET CHECK HAMMOCK,84795D - SEASIDE STRIPE HAMMOCK,12,0.002644045389445852,0.002258455436818332,0.0003305056736807315,55.34756097560976,Variant
84795B - SUNSET CHECK HAMMOCK,84795C - OCEAN STRIPE HAMMOCK,19,0.002644045389445852,0.003580478131541258,0.0005233006499944916,55.27660256410257,Variant
79030D - TUMBLER BAROQUE,79030G - TUMBLER NEW ENGLAND,11,0.0016525283684036575,0.0033325988762807094,0.0003029635342073372,55.012121212121215,Variant
22773 - GREEN DRAWER KNOB ACRYLIC EDWARDIAN,22774 - RED DRAWER KNOB ACRYLIC EDWARDIAN,63,0.006252065660460504,0.00506775366310455,0.0017351547868238405,54.764508714805594,Variant
22308 - TEA COSY BLUE STRIPE,22309 - TEA COSY RED  STRIPE,85,0.005894017847306378,0.007271124820976093,0.002341081855238515,54.62652223166243,Variant
82616A - BUBBLE GUM SCARF KNITTING KIT,82616C - MIDNIGHT GLAMOUR SCARF KNITTING KIT,11,0.0014321912526165032,0.00391098380522199,0.0003029635342073372,54.08829902491875,Variant
84795A - PASTEL STRIPE HAMMOCK,84795B - SUNSET CHECK HAMMOCK,10,0.0019279497631376006,0.002644045389445852,0.00027542139473394294,54.0297619047619,Variant
22132 - RED LOVE HEART SHAPE CUP,22133 - PINK LOVE HEART SHAPE CUP,188,0.010686350115676986,0.009006279607799934,0.0051779222209981275,53.79980453356032,Variant
23332 - IVORY WICKER HEART LARGE,23334 - IVORY WICKER HEART SMALL,55,0.007904594028864162,0.003580478131541258,0.0015148176710366862,53.52291610828196,Variant
22311 - OFFICE MUG WARMER BLACK+SILVER,22313 - OFFICE MUG WARMER PINK,60,0.0082075575630715,0.003773273107855018,0.0016525283684036575,53.36011365306422,Variant
17084N - FAIRY DREAMS INCENSE,17084R - ASSORTED INCENSE PACK,18,0.005122837942051339,0.0018177812052440233,0.0004957585105210973,53.23753665689149,Variant
85231G - ORANGE SCENTED SET/9 T-LIGHTS,85231L - LAVENDER SCENTED SET/9 T-LIGHTS,43,0.006968161286768756,0.003194888178913738,0.0011843119973559545,53.19762845849802,Variant
85132A - CHARLIE + LOLA BISCUITS TINS,85132B - CHARLIE AND LOLA TABLE TINS,45,0.006885534868348573,0.0033876831552274982,0.0012393962763027433,53.133658536585365,Variant
22449 - SILK PURSE BABUSHKA PINK,22451 - SILK PURSE BABUSHKA RED,107,0.008482978957805443,0.006555029194667842,0.002947008923653189,52.997871876023126,Variant
79323S - SILVER CHERRY LIGHTS,79323W - WHITE CHERRY LIGHTS,28,0.0015423598105100804,0.009474495978847636,0.0007711799052550402,52.77325581395349,Variant
22134 - MINI LADLE LOVE HEART RED,22135 - MINI LADLE LOVE HEART PINK,136,0.0082075575630715,0.008730858213065991,0.003745730968381624,52.27158977833294,Variant
35004C - SET OF 3 COLOURED  FLYING DUCKS,35004S - SET OF 3 SILVER FLYING DUCKS,12,0.009667290955161396,0.000661011347361463,0.0003305056736807315,51.72079772079773,Variant
84912A - PINK ROSE WASHBAG,84912B - GREEN ROSE WASHBAG,85,0.006362234218354082,0.007133414123609122,0.002341081855238515,51.58334586906015,Variant
21445 - 12 PINK ROSE PEG PLACE SETTINGS,21447 - 12 IVORY ROSE PEG PLACE SETTINGS,69,0.004021152363115567,0.009226616723587088,0.0019004076236642062,51.221672459619704,Variant
22838 - 3 TIER CAKE TIN RED AND CREAM,22839 - 3 TIER CAKE TIN GREEN AND CREAM,98,0.007436377657816459,0.007133414123609122,0.002699129668392641,50.88208208208208,Variant
84596E - SMALL LICORICE DES PINK BOWL,84596G - SMALL CHOCOLATES PINK BOWL,97,0.0055084278946788585,0.009584664536741214,0.0026715875289192465,50.60166666666667,Variant
22571 - ROCKING HORSE RED CHRISTMAS,22572 - ROCKING HORSE GREEN CHRISTMAS,257,0.014074033270904484,0.009970254489368734,0.0070783298446623335,50.443589105967064,Variant
"51014C - FEATHER PEN,COAL BLACK","51014L - FEATHER PEN,LIGHT PINK",83,0.007298666960449488,0.00622452352098711,0.0022859975762917263,50.31831691434296,Variant
85034A - 3 GARDENIA MORRIS BOXED CANDLES,85034B - 3 WHITE CHOC MORRIS BOXED CANDLES,28,0.003663104549961441,0.004186405199955933,0.0007711799052550402,50.288088642659275,Variant
79323G - GOLD  CHERRY LIGHTS,79323W - WHITE CHERRY LIGHTS,29,0.001680070507877052,0.009474495978847636,0.0007987220447284345,50.17784979031643,Variant
22925 - BLUE GIANT GARDEN THERMOMETER,22926 - IVORY GIANT GARDEN THERMOMETER,57,0.00526054863941831,0.005949102126253167,0.0015699019499834748,50.16375799883653,Variant
72807B - SET/3 OCEAN SCENT CANDLE JEWEL BOX,72807C - SET/3 VANILLA SCENTED CANDLE IN BOX,106,0.006196981381513716,0.009419411699900848,0.0029194667841797952,50.01491877842756,Variant
22840 - ROUND CAKE TIN VINTAGE RED,22841 - ROUND CAKE TIN VINTAGE GREEN,168,0.010989313649884322,0.008427894678858653,0.004627079431530241,49.9594083247334,Variant
"51014A - FEATHER PEN,HOT PINK","51014C - FEATHER PEN,COAL BLACK",137,0.010355844441996255,0.007298666960449488,0.003773273107855018,49.921678040947405,Variant
22054 - MINI CAKE STAND HANGING HEARTS,22060 - LARGE CAKE STAND HANGING HEARTS,16,0.0020381183210311776,0.004351658036796298,0.00044067423157430867,49.68593910366062,Variant
84968B - SET OF 16 VINTAGE IVORY CUTLERY,84968C - SET OF 16 VINTAGE PISTACHIO CUTLERY,35,0.0037181888289082297,0.0052330064999449154,0.0009639748815688003,49.543079922027296,Variant
72351A - SET/6 TURQUOISE BUTTERFLY T-LIGHTS,72351B - SET/6 PINK  BUTTERFLY T-LIGHTS,265,0.010934229370937534,0.01360581689985678,0.007298666960449488,49.06036161902528,Variant
72800C - 4 PINK DINNER CANDLE SILVER FLOCK,72800E - 4 IVORY DINNER CANDLES SILVER FLOCK,30,0.0021482868789247547,0.007849509749917374,0.0008262641842018288,48.99865047233468,Variant
21244 - BLUE POLKADOT PLATE,21245 - GREEN POLKADOT PLATE,182,0.01225625206566046,0.008372810399911865,0.005012669384157761,48.84725014784151,Variant
72807A - SET/3 ROSE CANDLE IN JEWELLED BOX,72807C - SET/3 VANILLA SCENTED CANDLE IN BOX,99,0.005949102126253167,0.009419411699900848,0.002726671807866035,48.6583820662768,Variant
22753 - SMALL YELLOW BABUSHKA NOTEBOOK,22754 - SMALL RED BABUSHKA NOTEBOOK,266,0.011127024347251295,0.013550732620909993,0.007326209099922882,48.588947919182154,Variant
22182 - CAKE STAND VICTORIAN FILIGREE SMALL,22184 - CAKE STAND VICTORIAN FILIGREE LARGE,33,0.004737247989423818,0.003993610223642172,0.0009088906026220116,48.04186046511628,Variant
84279B - CHERRY BLOSSOM DECORATIVE FLASK,84279P - CHERRY BLOSSOM  DECORATIVE FLASK,84,0.005921559986779773,0.008235099702544893,0.0023135397157651207,47.442980477560866,Variant
21243 - PINK POLKADOT PLATE,21244 - BLUE POLKADOT PLATE,290,0.013853696155117329,0.01225625206566046,0.007987220447284345,47.04054325731007,Variant
22375 - AIRLINE BAG VINTAGE JET SET BROWN,22376 - AIRLINE BAG VINTAGE JET SET WHITE,89,0.007794425470970585,0.006747824170981602,0.002451250413132092,46.60578351481936,Variant
22222 - CAKE PLATE LOVEBIRD WHITE,22223 - CAKE PLATE LOVEBIRD PINK,90,0.011044397928831112,0.004819874407844002,0.0024787925526054866,46.565301033131455,Variant
23231 - WRAP  VINTAGE DOILY,23545 - WRAP RED VINTAGE DOILY,28,0.007160956263082516,0.0023135397157651207,0.0007711799052550402,46.54871794871794,Variant
72800B - 4 PURPLE FLOCK DINNER CANDLES,72800E - 4 IVORY DINNER CANDLES SILVER FLOCK,33,0.0025063346920788806,0.007849509749917374,0.0009088906026220116,46.198727588201265,Variant
22566 - FELTCRAFT HAIRBAND PINK AND PURPLE,22586 - FELTCRAFT HAIRBAND PINK AND BLUE,111,0.008180015423598105,0.008097389005177922,0.0030571774815467668,46.15529444100873,Variant
"85129A - WHITE PEARL BEADED HEART, SMALL",85129D - BEADED CRYSTAL HEART PINK SMALL,16,0.002065660460504572,0.004627079431530241,0.00044067423157430867,46.105396825396824,Variant
84989A - 75 GREEN FAIRY CAKE CASES,84989B - 75 BLACK FAIRY CAKE CASES,11,0.004186405199955933,0.0015699019499834748,0.0003029635342073372,46.09741458910434,Variant
79323LP - LIGHT PINK CHERRY LIGHTS,79323S - SILVER CHERRY LIGHTS,12,0.00468216371047703,0.0015423598105100804,0.0003305056736807315,45.766386554621846,Variant
84596F - SMALL MARSHMALLOWS PINK BOWL,84596L - BISCUITS SMALL BOWL LIGHT BLUE,192,0.016525283684036576,0.006995703426242151,0.005288090778891704,45.74236220472441,Variant
84968B - SET OF 16 VINTAGE IVORY CUTLERY,84968D - SET OF 16 VINTAGE RED CUTLERY,18,0.0037181888289082297,0.0029194667841797952,0.0004957585105210973,45.67044025157233,Variant
20735 - BLACK MINI TAPE MEASURE,20738 - GREEN MINI TAPE MEASURE,18,0.005563512173625647,0.001955491902610995,0.0004957585105210973,45.56853995258681,Variant
21739 - COSY SLIPPER SHOES SMALL GREEN,21741 - COSY SLIPPER SHOES LARGE GREEN,42,0.00487495868679079,0.0052330064999449154,0.0011567698578825603,45.344513826940236,Variant
85049B - LUSH GREENS RIBBONS,85049D - BRIGHT BLUES RIBBONS,167,0.00930924314200727,0.011016855789357717,0.004599537292056847,44.847899408284036,Variant
84849A - HELLO SAILOR BLUE SOAP HOLDER,84849D - HOT BATHS SOAP HOLDER,33,0.002836840365759612,0.007160956263082516,0.0009088906026220116,44.74100074682599,Variant
84596F - SMALL MARSHMALLOWS PINK BOWL,84596G - SMALL CHOCOLATES PINK BOWL,257,0.016525283684036576,0.009584664536741214,0.0070783298446623335,44.689444444444455,Variant
21563 - RED HEART SHAPE LOVE BUCKET,21564 - PINK  HEART SHAPE LOVE BUCKET,129,0.00994271234989534,0.00801476258675774,0.0035529359920678637,44.585315703801015,Variant
21465 - PINK FLOWER CROCHET FOOD COVER,21466 - RED FLOWER CROCHET FOOD COVER,63,0.005150380081524733,0.007574088355183431,0.0017351547868238405,44.48038891589694,Variant
21499 - BLUE POLKADOT WRAP,21500 - PINK POLKADOT WRAP,275,0.01264184201828798,0.013523190481436598,0.007574088355183431,44.30378623501901,Variant
22586 - FELTCRAFT HAIRBAND PINK AND BLUE,22587 - FELTCRAFT HAIRBAND RED AND BLUE,110,0.008097389005177922,0.008482978957805443,0.0030296353420733724,44.10592808551992,Variant
20733 - GOLD MINI TAPE MEASURE,20735 - BLACK MINI TAPE MEASURE,71,0.008042304726231134,0.005563512173625647,0.001955491902610995,43.70453004204529,Variant
21446 - 12 RED ROSE PEG PLACE SETTINGS,21447 - 12 IVORY ROSE PEG PLACE SETTINGS,93,0.006389776357827476,0.009226616723587088,0.0025614189710256694,43.44626865671642,Variant
21715 - GIRLS VINTAGE TIN SEASIDE BUCKET,21716 - BOYS VINTAGE TIN SEASIDE BUCKET,286,0.013385479784069626,0.013633359039330176,0.007877051889390767,43.16451760402377,Variant
22753 - SMALL YELLOW BABUSHKA NOTEBOOK,22755 - SMALL PURPLE BABUSHKA NOTEBOOK,238,0.011127024347251295,0.013743527597223752,0.006555029194667842,42.86446159646025,Variant
22480 - RED TEA TOWEL CLASSIC DESIGN,22481 - BLACK TEA TOWEL CLASSIC DESIGN,67,0.007243582681502699,0.005976644265726562,0.0018453233447174176,42.6247305987279,Variant
22754 - SMALL RED BABUSHKA NOTEBOOK,22755 - SMALL PURPLE BABUSHKA NOTEBOOK,288,0.013550732620909993,0.013743527597223752,0.007932136168337557,42.59211105137104,Variant
22374 - AIRLINE BAG VINTAGE JET SET RED,22376 - AIRLINE BAG VINTAGE JET SET WHITE,123,0.011788035694612757,0.006747824170981602,0.0033876831552274982,42.58901392332635,Variant
84849B - FAIRY SOAP SOAP HOLDER,84849D - HOT BATHS SOAP HOLDER,89,0.008042304726231134,0.007160956263082516,0.002451250413132092,42.56338250790306,Variant
22566 - FELTCRAFT HAIRBAND PINK AND PURPLE,22587 - FELTCRAFT HAIRBAND RED AND BLUE,107,0.008180015423598105,0.008482978957805443,0.002947008923653189,42.469675106038736,Variant
85032C - CURIOUS IMAGES GIFT WRAP SET,85032D - YULETIDE IMAGES GIFT WRAP SET,25,0.004434284455216481,0.003663104549961441,0.0006885534868348573,42.390136832765144,Variant
21243 - PINK POLKADOT PLATE,21245 - GREEN POLKADOT PLATE,178,0.013853696155117329,0.008372810399911865,0.004902500826264184,42.26498901328869,Variant
85184C - SET 4 VALENTINE DECOUPAGE HEART BOX,85184D - S/4 BLUE ROUND DECOUPAGE BOXES,26,0.009502038118321031,0.001790239065770629,0.0007160956263082516,42.09623188405798,Variant
47570 - ENGLISH ROSE TABLE CLOTH,47570B - TEA TIME TABLE CLOTH,20,0.0021482868789247547,0.0061418971025669275,0.0005508427894678859,41.747729101989194,Variant
47504H - ENGLISH ROSE SPIRIT LEVEL,47504K - ENGLISH ROSE GARDEN SECATEURS,50,0.0038558995262752012,0.008565605376225626,0.0013771069736697146,41.6949931097841,Variant
21647 - ASSORTED TUTTI FRUTTI LARGE PURSE,21648 - ASSORTED TUTTI FRUTTI SMALL PURSE,38,0.003966068084168778,0.006334692078880688,0.0010466012999889832,41.65772946859903,Variant
84509A - SET OF 4 ENGLISH ROSE PLACEMATS,84509C - SET OF 4 POLKADOT PLACEMATS,44,0.011127024347251295,0.0026165032499724577,0.001211854136829349,41.62459614382491,Variant
35004C - SET OF 3 COLOURED  FLYING DUCKS,35004P - SET OF 3 PINK FLYING DUCKS,17,0.009667290955161396,0.0011843119973559545,0.000468216371047703,40.89551447690983,Variant
22202 - MILK PAN PINK POLKADOT,22204 - MILK PAN BLUE POLKADOT,50,0.007243582681502699,0.004654621571003635,0.0013771069736697146,40.84415146129098,Variant
84596B - SMALL DOLLY MIX DESIGN ORANGE BOWL,84596L - BISCUITS SMALL BOWL LIGHT BLUE,207,0.019968051118210862,0.006995703426242151,0.005701222870992619,40.81322834645669,Variant
84596F - SMALL MARSHMALLOWS PINK BOWL,84596J - MIXED NUTS LIGHT GREEN BOWL,93,0.016525283684036576,0.0038008152473284124,0.0025614189710256694,40.78072463768116,Variant
22374 - AIRLINE BAG VINTAGE JET SET RED,22375 - AIRLINE BAG VINTAGE JET SET BROWN,136,0.011788035694612757,0.007794425470970585,0.003745730968381624,40.76721376440673,Variant
85170A - SET/6 IVORY BIRD T-LIGHT CANDLES,85170D - SET/6 PINK BIRD T-LIGHT CANDLES,14,0.0022859975762917263,0.004158863060482538,0.0003855899526275201,40.55788717785048,Variant
85049D - BRIGHT BLUES RIBBONS,85049F - BABY BOOM RIBBONS,140,0.011016855789357717,0.008648231794645809,0.0038558995262752012,40.470700636942674,Variant
84596G - SMALL CHOCOLATES PINK BOWL,84596K - JELLY BABIES YELLOW SMALL BOWL,36,0.009584664536741214,0.0025614189710256694,0.0009915170210421946,40.38709677419355,Variant
21534 - DAIRY MAID LARGE MILK JUG,21536 - DAIRY MAID  SMALL  MILK JUG,23,0.009391869560427453,0.001680070507877052,0.0006334692078880687,40.14633911831162,Variant
85231B - CINAMMON SET OF 9 T-LIGHTS,85231E - STRAWBERRY SCENTED SET/9 T-LIGHTS,45,0.010576181557783408,0.0029194667841797952,0.0012393962763027433,40.140035377358494,Variant
85132A - CHARLIE + LOLA BISCUITS TINS,85132C - CHARLIE AND LOLA FIGURES TINS,83,0.006885534868348573,0.008290183981491683,0.0022859975762917263,40.047362126245844,Variant
21983 - PACK OF 12 BLUE PAISLEY TISSUES,21984 - PACK OF 12 PINK PAISLEY TISSUES,153,0.008896111049906357,0.011898204252506334,0.004213947339429327,39.81140350877193,Variant
84596E - SMALL LICORICE DES PINK BOWL,84596F - SMALL MARSHMALLOWS PINK BOWL,131,0.0055084278946788585,0.016525283684036576,0.0036080202710146525,39.63623333333334,Variant
46000M - POLYESTER FILLER PAD 45x45cm,46000R - POLYESTER FILLER PAD 45x30cm,22,0.009254158863060483,0.0016525283684036575,0.0006059270684146745,39.6218253968254,Variant
22753 - SMALL YELLOW BABUSHKA NOTEBOOK,22756 - LARGE YELLOW BABUSHKA NOTEBOOK,94,0.011127024347251295,0.005894017847306378,0.0025889611104990638,39.47617285092996,Variant
85049B - LUSH GREENS RIBBONS,85049F - BABY BOOM RIBBONS,115,0.00930924314200727,0.008648231794645809,0.003167346039440344,39.341763087475975,Variant
22200 - FRYING PAN PINK POLKADOT,22201 - FRYING PAN BLUE POLKADOT,64,0.009832543792001762,0.0045719951525834525,0.0017626969262972347,39.21082649927441,Variant
22220 - CAKE STAND LOVEBIRD 2 TIER WHITE,22221 - CAKE STAND LOVEBIRD 2 TIER PINK,45,0.0074088355183430646,0.004296573757849509,0.0012393962763027433,38.93480125822134,Variant
84596B - SMALL DOLLY MIX DESIGN ORANGE BOWL,84596G - SMALL CHOCOLATES PINK BOWL,269,0.019968051118210862,0.009584664536741214,0.0074088355183430646,38.71126436781609,Variant
85049C - ROMANTIC PINKS RIBBONS,85049D - BRIGHT BLUES RIBBONS,212,0.013771069736697146,0.011016855789357717,0.0058389335683595904,38.48648,Variant
22846 - BREAD BIN DINER STYLE RED,22848 - BREAD BIN DINER STYLE PINK,55,0.009529580257794426,0.004158863060482538,0.0015148176710366862,38.22187344485703,Variant
84596B - SMALL DOLLY MIX DESIGN ORANGE BOWL,84596F - SMALL MARSHMALLOWS PINK BOWL,457,0.019968051118210862,0.016525283684036576,0.012586757739341191,38.14426666666667,Variant
35004B - SET OF 3 BLACK FLYING DUCKS,35004G - SET OF 3 GOLD FLYING DUCKS,21,0.007519004076236642,0.002065660460504572,0.0005783849289412802,37.23897435897436,Variant
84596B - SMALL DOLLY MIX DESIGN ORANGE BOWL,84596J - MIXED NUTS LIGHT GREEN BOWL,102,0.019968051118210862,0.0038008152473284124,0.002809298226286218,37.01565217391305,Variant
10134 - COLOURING PENCILS BROWN TUBE,10135 - COLOURING PENCILS BROWN TUBE,17,0.0014321912526165032,0.008896111049906357,0.000468216371047703,36.74898785425101,Variant
84849A - HELLO SAILOR BLUE SOAP HOLDER,84849B - FAIRY SOAP SOAP HOLDER,30,0.002836840365759612,0.008042304726231134,0.0008262641842018288,36.21625216119165,Variant
85014A - BLACK/BLUE POLKADOT UMBRELLA,85014C - BLUE/BROWN DOTS RUFFLED UMBRELLA,49,0.018811281260328303,0.001983034042084389,0.0013495648341963205,36.17805433544818,Variant
21214 - SET OF 72 IVORY PAPER DOILIES,84985A - SET OF 72 GREEN PAPER DOILIES,30,0.005425801476258676,0.004213947339429327,0.0008262641842018288,36.138150691748784,Variant
22831 - WHITE BROCANTE SOAP DISH,22863 - SOAP DISH BROCANTE,23,0.003773273107855018,0.004654621571003635,0.0006334692078880687,36.0680689327517,Variant
84596B - SMALL DOLLY MIX DESIGN ORANGE BOWL,84596E - SMALL LICORICE DES PINK BOWL,144,0.019968051118210862,0.0055084278946788585,0.003966068084168778,36.05760000000001,Variant
85231B - CINAMMON SET OF 9 T-LIGHTS,85231L - LAVENDER SCENTED SET/9 T-LIGHTS,44,0.010576181557783408,0.003194888178913738,0.001211854136829349,35.864583333333336,Variant
21687 - SILVER PLATE CANDLE BOWL LARGE,21688 - SILVER PLATE CANDLE BOWL SMALL,14,0.0027817560868128237,0.003883441665748595,0.0003855899526275201,35.69356084544624,Variant
84596B - SMALL DOLLY MIX DESIGN ORANGE BOWL,84596K - JELLY BABIES YELLOW SMALL BOWL,66,0.019968051118210862,0.0025614189710256694,0.0018177812052440233,35.54064516129032,Variant
21240 - BLUE POLKADOT CUP,21241 - GREEN POLKADOT CUP,195,0.02117990525504021,0.007160956263082516,0.005370717197311887,35.4109232769831,Variant
20674 - GREEN POLKADOT BOWL,20675 - BLUE POLKADOT BOWL,312,0.012752010576181558,0.01905916051558885,0.008593147515699019,35.35654627398594,Variant
21746 - SMALL RED RETROSPOT WINDMILL,21749 - LARGE RED RETROSPOT WINDMILL,133,0.013440564063016415,0.0077117990525504025,0.003663104549961441,35.34077868852459,Variant
21122 - SET/10 PINK POLKADOT PARTY CANDLES,21124 - SET/10 BLUE POLKADOT PARTY CANDLES,488,0.022226506555029196,0.017296463589291617,0.013440564063016415,34.96141248155076,Variant
22242 - 5 HOOK HANGER MAGIC TOADSTOOL,22243 - 5 HOOK HANGER RED MAGIC TOADSTOOL,136,0.0101355073262091,0.010658807976203591,0.003745730968381624,34.67228401303225,Variant
46000M - POLYESTER FILLER PAD 45x45cm,46000U - POLYESTER FILLER PAD 30CMx30CM,16,0.009254158863060483,0.0013771069736697146,0.00044067423157430867,34.57904761904762,Variant
84032A - CHARLIE+LOLA PINK HOT WATER BOTTLE,84032B - CHARLIE + LOLA RED HOT WATER BOTTLE,375,0.01823289633138702,0.016442657265616393,0.01032830230252286,34.45095568476826,Variant
22846 - BREAD BIN DINER STYLE RED,22847 - BREAD BIN DINER STYLE IVORY,155,0.009529580257794426,0.013054974110388895,0.0042690316183761155,34.3146508621741,Variant
20968 - GREEN FLORAL FELTCRAFT SHOULDER BAG,20969 - RED FLORAL FELTCRAFT SHOULDER BAG,11,0.0005233006499944916,0.016883331497190703,0.0003029635342073372,34.291062076071086,Variant
22755 - SMALL PURPLE BABUSHKA NOTEBOOK,22756 - LARGE YELLOW BABUSHKA NOTEBOOK,100,0.013743527597223752,0.005894017847306378,0.0027542139473394293,34.0007117037814,Variant
84509A - SET OF 4 ENGLISH ROSE PLACEMATS,84509E - SET OF 4 CAROUSEL PLACEMATS,12,0.011127024347251295,0.0008813484631486173,0.0003305056736807315,33.70173267326733,Variant
21015 - DARK BIRD HOUSE TREE DECORATION,21017 - RED BIRD HOUSE TREE DECORATION,15,0.005122837942051339,0.0023961661341853034,0.0004131320921009144,33.655913978494624,Variant
72349B - SET/6 PURPLE BUTTERFLY T-LIGHTS,72351B - SET/6 PINK  BUTTERFLY T-LIGHTS,129,0.007849509749917374,0.01360581689985678,0.0035529359920678637,33.2675047943746,Variant
72800A - S/4 BLACK DINNER CANDLE SILVER FLOC,72800E - 4 IVORY DINNER CANDLES SILVER FLOCK,12,0.0012669384157761375,0.007849509749917374,0.0003305056736807315,33.23386727688787,Variant
84509B - SET OF 4 FAIRY CAKE PLACEMATS,84509C - SET OF 4 POLKADOT PLACEMATS,17,0.005398259336785282,0.0026165032499724577,0.000468216371047703,33.14908700322234,Variant
85049C - ROMANTIC PINKS RIBBONS,85049F - BABY BOOM RIBBONS,143,0.013771069736697146,0.008648231794645809,0.0039385259446953836,33.070343949044585,Variant
21239 - PINK  POLKADOT CUP,21241 - GREEN POLKADOT CUP,177,0.02065660460504572,0.007160956263082516,0.00487495868679079,32.95649230769231,Variant
21239 - PINK  POLKADOT CUP,21240 - BLUE POLKADOT CUP,521,0.02065660460504572,0.02117990525504021,0.014349454665638427,32.7983840485479,Variant
22753 - SMALL YELLOW BABUSHKA NOTEBOOK,22757 - LARGE RED BABUSHKA NOTEBOOK,112,0.011127024347251295,0.008482978957805443,0.0030847196210201607,32.68046804680468,Variant
46000M - POLYESTER FILLER PAD 45x45cm,46000P - POLYESTER FILLER PAD 65CMx65CM,13,0.009254158863060483,0.0011843119973559545,0.0003580478131541258,32.66915836101882,Variant
47591A - CAROUSEL CHILDRENS APRON,47591C - BLUE FAIRY CAKE CHILDRENS APRON,10,0.0019279497631376006,0.004379200176269693,0.00027542139473394294,32.62174303683737,Variant
22754 - SMALL RED BABUSHKA NOTEBOOK,22756 - LARGE YELLOW BABUSHKA NOTEBOOK,94,0.013550732620909993,0.005894017847306378,0.0025889611104990638,32.41539396702378,Variant
85032A - ROMANTIC IMAGES GIFT WRAP SET,85032D - YULETIDE IMAGES GIFT WRAP SET,19,0.004434284455216481,0.003663104549961441,0.0005233006499944916,32.21650399290151,Variant
20967 - GREY FLORAL FELTCRAFT SHOULDER BAG,20969 - RED FLORAL FELTCRAFT SHOULDER BAG,161,0.00815247328412471,0.016883331497190703,0.004434284455216481,32.21632644063313,Variant
22754 - SMALL RED BABUSHKA NOTEBOOK,22757 - LARGE RED BABUSHKA NOTEBOOK,134,0.013550732620909993,0.008482978957805443,0.0036906466894348353,32.106377362474916,Variant
20969 - RED FLORAL FELTCRAFT SHOULDER BAG,20970 - PINK FLORAL FELTCRAFT SHOULDER BAG,310,0.016883331497190703,0.01578164591825493,0.008538063236752231,32.04416240330933,Variant
20733 - GOLD MINI TAPE MEASURE,20734 - SILVER MINI TAPE MEASURE,30,0.008042304726231134,0.0032224303183871323,0.0008262641842018288,31.88268352651914,Variant
20675 - BLUE POLKADOT BOWL,20677 - PINK POLKADOT BOWL,460,0.01905916051558885,0.020932025999779662,0.012669384157761376,31.757073319135994,Variant
47504E - ENGLISH ROSE SCISSORS,47504K - ENGLISH ROSE GARDEN SECATEURS,13,0.001322022694722926,0.008565605376225626,0.0003580478131541258,31.618703108252944,Variant
20733 - GOLD MINI TAPE MEASURE,20738 - GREEN MINI TAPE MEASURE,18,0.008042304726231134,0.001955491902610995,0.0004957585105210973,31.52344202199498,Variant
22754 - SMALL RED BABUSHKA NOTEBOOK,22758 - LARGE PURPLE BABUSHKA NOTEBOOK,134,0.013550732620909993,0.008648231794645809,0.0036906466894348353,31.492879705867118,Variant
85014A - BLACK/BLUE POLKADOT UMBRELLA,85014D - PINK/BROWN DOTS RUFFLED UMBRELLA,53,0.018811281260328303,0.0024787925526054866,0.0014597333920898976,31.305091914755163,Variant
85049F - BABY BOOM RIBBONS,85049G - CHOCOLATE BOX RIBBONS,138,0.008648231794645809,0.01404649113143109,0.0038008152473284124,31.288272761333833,Variant
22481 - BLACK TEA TOWEL CLASSIC DESIGN,22482 - BLUE TEA TOWEL CLASSIC DESIGN,40,0.005976644265726562,0.005894017847306378,0.0011016855789357718,31.274387355183258,Variant
84596F - SMALL MARSHMALLOWS PINK BOWL,84596K - JELLY BABIES YELLOW SMALL BOWL,48,0.016525283684036576,0.0025614189710256694,0.001322022694722926,31.232688172043012,Variant
84535A - ENGLISH ROSE NOTEBOOK A6 SIZE,84535B - FAIRY CAKES NOTEBOOK A6 SIZE,18,0.0017626969262972347,0.009006279607799934,0.0004957585105210973,31.228211009174313,Variant
84510A - SET OF 4 ENGLISH ROSE COASTERS,84510C - SET OF 4 POLKADOT COASTERS,41,0.013054974110388895,0.0027817560868128237,0.001129227718409166,31.094706939048333,Variant
84031B - CHARLIE LOLA BLUE HOT WATER BOTTLE,84032A - CHARLIE+LOLA PINK HOT WATER BOTTLE,152,0.007463919797289853,0.01823289633138702,0.004186405199955933,30.76228804584119,Variant
23321 - SMALL WHITE HEART OF WICKER,23322 - LARGE WHITE HEART OF WICKER,298,0.01732400572876501,0.015451140244574198,0.0082075575630715,30.662325112152104,Variant
22755 - SMALL PURPLE BABUSHKA NOTEBOOK,22757 - LARGE RED BABUSHKA NOTEBOOK,129,0.013743527597223752,0.008482978957805443,0.0035529359920678637,30.474793743330817,Variant
84031A - CHARLIE+LOLA RED HOT WATER BOTTLE,84032A - CHARLIE+LOLA PINK HOT WATER BOTTLE,174,0.008648231794645809,0.01823289633138702,0.004792332268370607,30.392325899128295,Variant
22753 - SMALL YELLOW BABUSHKA NOTEBOOK,22758 - LARGE PURPLE BABUSHKA NOTEBOOK,106,0.011127024347251295,0.008648231794645809,0.0029194667841797952,30.338714763196066,Variant
20967 - GREY FLORAL FELTCRAFT SHOULDER BAG,20970 - PINK FLORAL FELTCRAFT SHOULDER BAG,141,0.00815247328412471,0.01578164591825493,0.003883441665748595,30.183882835715295,Variant
84971L - LARGE HEART FLOWERS HOOK,84971S - SMALL HEART FLOWERS HOOK,22,0.001597444089456869,0.012614299878814586,0.0006059270684146745,30.06986899563319,Variant
22068 - BLACK PIRATE TREASURE CHEST,22069 - BROWN  PIRATE TREASURE CHEST,61,0.007601630494656825,0.007353751239396277,0.001680070507877052,30.054659935949626,Variant
84536A - ENGLISH ROSE NOTEBOOK A7 SIZE,84536B - FAIRY CAKES NOTEBOOK A7 SIZE,200,0.016828247218243914,0.010989313649884322,0.0055084278946788585,29.78641366099373,Variant
46000R - POLYESTER FILLER PAD 45x30cm,46000S - POLYESTER FILLER PAD 40x40cm,18,0.0016525283684036575,0.010080423047262312,0.0004957585105210973,29.76065573770492,Variant
85049C - ROMANTIC PINKS RIBBONS,85049G - CHOCOLATE BOX RIBBONS,209,0.013771069736697146,0.01404649113143109,0.005756307149939408,29.75832156862745,Variant
22191 - IVORY DINER WALL CLOCK,22192 - BLUE DINER WALL CLOCK,272,0.01704858433403107,0.014927839594579707,0.007491461936763248,29.436169515168494,Variant
85049B - LUSH GREENS RIBBONS,85049C - ROMANTIC PINKS RIBBONS,137,0.00930924314200727,0.013771069736697146,0.003773273107855018,29.433112426035503,Variant
22755 - SMALL PURPLE BABUSHKA NOTEBOOK,22758 - LARGE PURPLE BABUSHKA NOTEBOOK,126,0.013743527597223752,0.008648231794645809,0.003470309573647681,29.19729905671215,Variant
85199L - LARGE HANGING IVORY & RED WOOD BIRD,85199S - SMALL HANGING IVORY/RED WOOD BIRD,105,0.007491461936763248,0.013385479784069626,0.002891924644706401,28.839415395787945,Variant
20674 - GREEN POLKADOT BOWL,20677 - PINK POLKADOT BOWL,279,0.012752010576181558,0.020932025999779662,0.007684256913077008,28.788030010230763,Variant
85049D - BRIGHT BLUES RIBBONS,85049H - URBAN BLACK RIBBONS,105,0.011016855789357717,0.009199074584113695,0.002891924644706401,28.535479041916165,Variant
84509A - SET OF 4 ENGLISH ROSE PLACEMATS,84509B - SET OF 4 FAIRY CAKE PLACEMATS,62,0.011127024347251295,0.005398259336785282,0.001707612647350446,28.42867245908264,Variant
22192 - BLUE DINER WALL CLOCK,23341 - PINK DINER WALL CLOCK,51,0.014927839594579707,0.0033325988762807094,0.001404649113143109,28.235003507059865,Variant
21123 - SET/10 IVORY POLKADOT PARTY CANDLES,21124 - SET/10 BLUE POLKADOT PARTY CANDLES,121,0.006913077007821968,0.017296463589291617,0.0033325988762807094,27.87111426903849,Variant
22192 - BLUE DINER WALL CLOCK,22193 - RED DINER WALL CLOCK,254,0.014927839594579707,0.016910873636664096,0.006995703426242151,27.71203288580117,Variant
47590A - BLUE HAPPY BIRTHDAY BUNTING,47590B - PINK HAPPY BIRTHDAY BUNTING,448,0.018756196981381514,0.023961661341853034,0.012338878484080643,27.45452765540871,Variant
84510A - SET OF 4 ENGLISH ROSE COASTERS,84510E - SET OF 4 GREEN CAROUSEL COASTERS,10,0.013054974110388895,0.0007711799052550402,0.00027542139473394294,27.356841470765524,Variant
21668 - RED STRIPE CERAMIC DRAWER KNOB,21669 - BLUE STRIPE CERAMIC DRAWER KNOB,497,0.022722265065550293,0.022143880136609013,0.013688443318276964,27.204999246193275,Variant
22668 - PINK BABY BUNTING,22669 - RED BABY BUNTING,189,0.015946898755095296,0.0120634570893467,0.0052054643604715215,27.058982184683085,Variant
85032B - BLOSSOM IMAGES GIFT WRAP SET,85032D - YULETIDE IMAGES GIFT WRAP SET,15,0.004186405199955933,0.003663104549961441,0.0004131320921009144,26.940047487138898,Variant
85014B - RED RETROSPOT UMBRELLA,85014C - BLUE/BROWN DOTS RUFFLED UMBRELLA,48,0.02476038338658147,0.001983034042084389,0.001322022694722926,26.9247311827957,Variant
85014B - RED RETROSPOT UMBRELLA,85014D - PINK/BROWN DOTS RUFFLED UMBRELLA,60,0.02476038338658147,0.0024787925526054866,0.0016525283684036575,26.9247311827957,Variant
84510B - SET OF 4 FAIRY CAKES COASTERS,84510C - SET OF 4 POLKADOT COASTERS,11,0.004048694502588961,0.0027817560868128237,0.0003029635342073372,26.900249208594328,Variant
21670 - BLUE SPOT CERAMIC DRAWER KNOB,21673 - WHITE SPOT BLUE CERAMIC DRAWER KNOB,428,0.021097278836620027,0.02098711027872645,0.011788035694612757,26.623328741870715,Variant
21670 - BLUE SPOT CERAMIC DRAWER KNOB,21671 - RED SPOT CERAMIC DRAWER KNOB,407,0.021097278836620027,0.01999559325768426,0.011209650765671477,26.572434528048106,Variant
84031A - CHARLIE+LOLA RED HOT WATER BOTTLE,84032B - CHARLIE + LOLA RED HOT WATER BOTTLE,137,0.008648231794645809,0.016442657265616393,0.003773273107855018,26.534989170907615,Variant
85129D - BEADED CRYSTAL HEART PINK SMALL,85130D - BEADED CRYSTAL HEART PINK LARGE,13,0.004627079431530241,0.002947008923653189,0.0003580478131541258,26.25745438362261,Variant
21671 - RED SPOT CERAMIC DRAWER KNOB,21672 - WHITE SPOT RED CERAMIC DRAWER KNOB,426,0.01999559325768426,0.022391759391869562,0.011732951415665969,26.205035934656863,Variant
21137 - BLACK RECORD COVER FRAME,82001S - SILVER RECORD COVER FRAME,100,0.01674562079982373,0.006279607799933899,0.0027542139473394293,26.191712834718373,Variant
21122 - SET/10 PINK POLKADOT PARTY CANDLES,21123 - SET/10 IVORY POLKADOT PARTY CANDLES,145,0.022226506555029196,0.006913077007821968,0.003993610223642172,25.991005001061428,Variant
84997A - CHILDRENS CUTLERY POLKADOT GREEN,84997B - CHILDRENS CUTLERY RETROSPOT RED,420,0.016222320149829238,0.028010355844441996,0.011567698578825603,25.45747755057069,Variant
84031B - CHARLIE LOLA BLUE HOT WATER BOTTLE,84032B - CHARLIE + LOLA RED HOT WATER BOTTLE,113,0.007463919797289853,0.016442657265616393,0.003112261760493555,25.359293391928894,Variant
85049D - BRIGHT BLUES RIBBONS,85049G - CHOCOLATE BOX RIBBONS,142,0.011016855789357717,0.01404649113143109,0.00391098380522199,25.273215686274508,Variant
21121 - SET/10 RED POLKADOT PARTY CANDLES,21124 - SET/10 BLUE POLKADOT PARTY CANDLES,376,0.02398920348132643,0.017296463589291617,0.010355844441996255,24.958148990471454,Variant
85049C - ROMANTIC PINKS RIBBONS,85049H - URBAN BLACK RIBBONS,114,0.013771069736697146,0.009199074584113695,0.0031398038999669495,24.785101796407186,Variant
85049B - LUSH GREENS RIBBONS,85049H - URBAN BLACK RIBBONS,77,0.00930924314200727,0.009199074584113695,0.0021207447394513607,24.764518300676755,Variant
15056P - EDWARDIAN PARASOL PINK,20679 - EDWARDIAN PARASOL RED,167,0.009474495978847636,0.019665087584003524,0.004599537292056847,24.686649078235952,Variant
22191 - IVORY DINER WALL CLOCK,22193 - RED DINER WALL CLOCK,258,0.01704858433403107,0.016910873636664096,0.0071058719841357275,24.64694026826919,Variant
47591C - BLUE FAIRY CAKE CHILDRENS APRON,47591D - PINK FAIRY CAKE CHILDRENS APRON,122,0.004379200176269693,0.0313429547207227,0.003360141015754104,24.48064020514861,Variant
16156L - WRAP CAROUSEL,16156S - WRAP PINK FAIRY CAKES,10,0.0009915170210421946,0.011374903602511843,0.00027542139473394294,24.420231369383913,Variant
85014A - BLACK/BLUE POLKADOT UMBRELLA,85014B - RED RETROSPOT UMBRELLA,411,0.018811281260328303,0.02476038338658147,0.011319819323565055,24.303216360459075,Variant
10133 - COLOURING PENCILS BROWN TUBE,10134 - COLOURING PENCILS BROWN TUBE,10,0.007932136168337557,0.0014321912526165032,0.00027542139473394294,24.24412393162393,Variant
22191 - IVORY DINER WALL CLOCK,22194 - BLACK DINER WALL CLOCK,66,0.01704858433403107,0.004406742315743087,0.0018177812052440233,24.195557350565426,Variant
84509C - SET OF 4 POLKADOT PLACEMATS,84509G - SET OF 4 FAIRY CAKE PLACEMATS,10,0.0026165032499724577,0.004379200176269693,0.00027542139473394294,24.037073816617013,Variant
46000S - POLYESTER FILLER PAD 40x40cm,46000U - POLYESTER FILLER PAD 30CMx30CM,12,0.010080423047262312,0.0013771069736697146,0.0003305056736807315,23.808524590163934,Variant
21015 - DARK BIRD HOUSE TREE DECORATION,21016 - LIGHT BIRD HOUSE TREE DECORATION,10,0.005122837942051339,0.002258455436818332,0.00027542139473394294,23.805402570154737,Variant
15056BL - EDWARDIAN PARASOL BLACK,20679 - EDWARDIAN PARASOL RED,396,0.023520987110278727,0.019665087584003524,0.01090668723146414,23.57987129277941,Variant
10133 - COLOURING PENCILS BROWN TUBE,10135 - COLOURING PENCILS BROWN TUBE,60,0.007932136168337557,0.008896111049906357,0.0016525283684036575,23.418472652218778,Variant
15056N - EDWARDIAN PARASOL NATURAL,15056P - EDWARDIAN PARASOL PINK,227,0.02823069296022915,0.009474495978847636,0.006252065660460504,23.374690867838915,Variant
22847 - BREAD BIN DINER STYLE IVORY,22848 - BREAD BIN DINER STYLE PINK,46,0.013054974110388895,0.004158863060482538,0.0012669384157761375,23.33484226115629,Variant
84997A - CHILDRENS CUTLERY POLKADOT GREEN,84997C - CHILDRENS CUTLERY POLKADOT BLUE,358,0.016222320149829238,0.026054863941831003,0.009860085931475157,23.328076038148293,Variant
84997C - CHILDRENS CUTLERY POLKADOT BLUE,84997D - CHILDRENS CUTLERY POLKADOT PINK,651,0.026054863941831003,0.02982813704968602,0.017929932797179686,23.07085673458153,Variant
85049F - BABY BOOM RIBBONS,85049H - URBAN BLACK RIBBONS,66,0.008648231794645809,0.009199074584113695,0.0018177812052440233,22.849155192799113,Variant
22926 - IVORY GIANT GARDEN THERMOMETER,22928 - YELLOW GIANT GARDEN THERMOMETER,16,0.005949102126253167,0.0032499724578605267,0.00044067423157430867,22.79221594475832,Variant
84997A - CHILDRENS CUTLERY POLKADOT GREEN,84997D - CHILDRENS CUTLERY POLKADOT PINK,399,0.016222320149829238,0.02982813704968602,0.010989313649884322,22.71074970958806,Variant
21137 - BLACK RECORD COVER FRAME,82001s - SILVER RECORD COVER FRAME,11,0.01674562079982373,0.0007987220447284345,0.0003029635342073372,22.651315789473685,Variant
22192 - BLUE DINER WALL CLOCK,22194 - BLACK DINER WALL CLOCK,54,0.014927839594579707,0.004406742315743087,0.0014872755315632918,22.608763837638378,Variant
21121 - SET/10 RED POLKADOT PARTY CANDLES,21123 - SET/10 IVORY POLKADOT PARTY CANDLES,136,0.02398920348132643,0.006913077007821968,0.003745730968381624,22.586521880331713,Variant
22697 - GREEN REGENCY TEACUP AND SAUCER,22698 - PINK REGENCY TEACUP AND SAUCER,864,0.03723697256802908,0.028313319378649334,0.02379640850501267,22.57076416549628,Variant
85049B - LUSH GREENS RIBBONS,85049G - CHOCOLATE BOX RIBBONS,107,0.00930924314200727,0.01404649113143109,0.002947008923653189,22.53716208376842,Variant
47504G - ENGLISH ROSE TAPE MEASURE,47504K - ENGLISH ROSE GARDEN SECATEURS,11,0.0015699019499834748,0.008565605376225626,0.0003029635342073372,22.5299261014272,Variant
21672 - WHITE SPOT RED CERAMIC DRAWER KNOB,21673 - WHITE SPOT BLUE CERAMIC DRAWER KNOB,383,0.022391759391869562,0.02098711027872645,0.010548639418310014,22.446859271742323,Variant
15056BL - EDWARDIAN PARASOL BLACK,15056P - EDWARDIAN PARASOL PINK,181,0.023520987110278727,0.009474495978847636,0.004985127244684367,22.369928108490825,Variant
84510A - SET OF 4 ENGLISH ROSE COASTERS,84510F - SET OF 4 NEW ENGLAND COASTERS,11,0.013054974110388895,0.0010466012999889832,0.0003029635342073372,22.173439928936265,Variant
85049G - CHOCOLATE BOX RIBBONS,85049H - URBAN BLACK RIBBONS,104,0.01404649113143109,0.009199074584113695,0.0028643825052330064,22.16761770576494,Variant
35004C - SET OF 3 COLOURED  FLYING DUCKS,35004G - SET OF 3 GOLD FLYING DUCKS,16,0.009667290955161396,0.002065660460504572,0.00044067423157430867,22.067540360873693,Variant
21121 - SET/10 RED POLKADOT PARTY CANDLES,21122 - SET/10 PINK POLKADOT PARTY CANDLES,425,0.02398920348132643,0.022226506555029196,0.011705409276192574,21.953287608283997,Variant
84997B - CHILDRENS CUTLERY RETROSPOT RED,84997C - CHILDRENS CUTLERY POLKADOT BLUE,573,0.028010355844441996,0.026054863941831003,0.01578164591825493,21.624439496841223,Variant
21670 - BLUE SPOT CERAMIC DRAWER KNOB,21672 - WHITE SPOT RED CERAMIC DRAWER KNOB,367,0.021097278836620027,0.022391759391869562,0.010107965186735705,21.39681224488485,Variant
23209 - LUNCH BAG VINTAGE DOILY,23681 - LUNCH BAG RED VINTAGE DOILY,82,0.030186184862840144,0.0034978517131210754,0.002258455436818332,21.389562618541294,Variant
85232A - SET/3 POLKADOT STACKING TINS,85232D - SET/3 DECOUPAGE STACKING TINS,18,0.0038008152473284124,0.0061143549630935335,0.0004957585105210973,21.332549941245592,Variant
21671 - RED SPOT CERAMIC DRAWER KNOB,21673 - WHITE SPOT BLUE CERAMIC DRAWER KNOB,320,0.01999559325768426,0.02098711027872645,0.008813484631486174,21.00200284881745,Variant
"16156N - WRAP, FRIENDSHIP ON GREEN",16156S - WRAP PINK FAIRY CAKES,13,0.0015148176710366862,0.011374903602511843,0.0003580478131541258,20.779396874312127,Variant
22193 - RED DINER WALL CLOCK,22194 - BLACK DINER WALL CLOCK,56,0.016910873636664096,0.004406742315743087,0.0015423598105100804,20.696742671009773,Variant
22195 - LARGE HEART MEASURING SPOONS,22196 - SMALL HEART MEASURING SPOONS,452,0.022336675112922772,0.027018838823399803,0.01244904704197422,20.62770443607331,Variant
22193 - RED DINER WALL CLOCK,23341 - PINK DINER WALL CLOCK,42,0.016910873636664096,0.0033325988762807094,0.0011567698578825603,20.52569521091878,Variant
85049E - SCANDINAVIAN REDS RIBBONS,85049H - URBAN BLACK RIBBONS,155,0.022859975762917262,0.009199074584113695,0.0042690316183761155,20.300627660341966,Variant
46000M - POLYESTER FILLER PAD 45x45cm,46000S - POLYESTER FILLER PAD 40x40cm,68,0.009254158863060483,0.010080423047262312,0.001872865484190812,20.07663283892792,Variant
85049A - TRADITIONAL CHRISTMAS RIBBONS,85049E - SCANDINAVIAN REDS RIBBONS,301,0.0183430648892806,0.022859975762917262,0.008290183981491683,19.770447555989726,Variant
84509A - SET OF 4 ENGLISH ROSE PLACEMATS,84509F - SET OF 4 NEW ENGLAND PLACEMATS,10,0.011127024347251295,0.0012669384157761375,0.00027542139473394294,19.537236332328884,Variant
84509A - SET OF 4 ENGLISH ROSE PLACEMATS,84509G - SET OF 4 FAIRY CAKE PLACEMATS,34,0.011127024347251295,0.004379200176269693,0.000936432742095406,19.217759511800235,Variant
22729 - ALARM CLOCK BAKELIKE ORANGE,22730 - ALARM CLOCK BAKELIKE IVORY,240,0.016855789357717307,0.020491351768205355,0.00661011347361463,19.137676576006747,Variant
22191 - IVORY DINER WALL CLOCK,23341 - PINK DINER WALL CLOCK,39,0.01704858433403107,0.0033325988762807094,0.0010741434394623774,18.90561956768448,Variant
22727 - ALARM CLOCK BAKELIKE RED,22729 - ALARM CLOCK BAKELIKE ORANGE,424,0.03751239396276303,0.016855789357717307,0.011677867136719181,18.468841476874648,Variant
15056BL - EDWARDIAN PARASOL BLACK,15056N - EDWARDIAN PARASOL NATURAL,445,0.023520987110278727,0.02823069296022915,0.01225625206566046,18.457828297252526,Variant
22625 - RED KITCHEN SCALES,22626 - BLACK KITCHEN SCALES,161,0.025944695383937424,0.00930924314200727,0.004434284455216481,18.35948944082212,Variant
22726 - ALARM CLOCK BAKELIKE GREEN,22729 - ALARM CLOCK BAKELIKE ORANGE,390,0.03486834857331717,0.016855789357717307,0.010741434394623774,18.276027630641515,Variant
85049E - SCANDINAVIAN REDS RIBBONS,85049F - BABY BOOM RIBBONS,131,0.022859975762917262,0.008648231794645809,0.0036080202710146525,18.250126621134218,Variant
22727 - ALARM CLOCK BAKELIKE RED,22730 - ALARM CLOCK BAKELIKE IVORY,502,0.03751239396276303,0.020491351768205355,0.013826154015643936,17.98688677308828,Variant
35004B - SET OF 3 BLACK FLYING DUCKS,35004C - SET OF 3 COLOURED  FLYING DUCKS,47,0.007519004076236642,0.009667290955161396,0.0012944805552495319,17.808626321446837,Variant
22728 - ALARM CLOCK BAKELIKE PINK,22730 - ALARM CLOCK BAKELIKE IVORY,353,0.026660791010245675,0.020491351768205355,0.009722375234108186,17.796259886252553,Variant
84997B - CHILDRENS CUTLERY RETROSPOT RED,84997D - CHILDRENS CUTLERY POLKADOT PINK,537,0.028010355844441996,0.02982813704968602,0.014790128897212736,17.702198361919393,Variant
22726 - ALARM CLOCK BAKELIKE GREEN,22727 - ALARM CLOCK BAKELIKE RED,836,0.03486834857331717,0.03751239396276303,0.02302522859975763,17.603449995708388,Variant
84029C - BROWN FURRY HOT WATER BOTTLE,84029E - RED WOOLLY HOTTIE WHITE HEART.,26,0.0012944805552495319,0.031425581139142886,0.0007160956263082516,17.603222257444944,Variant
21914 - BLUE HARMONICA IN BOX,21915 - RED  HARMONICA IN BOX,473,0.026523080312878703,0.027955271565495207,0.013027431970915502,17.56997478118974,Variant
22728 - ALARM CLOCK BAKELIKE PINK,22729 - ALARM CLOCK BAKELIKE ORANGE,286,0.026660791010245675,0.016855789357717307,0.007877051889390767,17.52837195484254,Variant
85049D - BRIGHT BLUES RIBBONS,85049E - SCANDINAVIAN REDS RIBBONS,159,0.011016855789357717,0.022859975762917262,0.004379200176269693,17.388469879518077,Variant
22726 - ALARM CLOCK BAKELIKE GREEN,22730 - ALARM CLOCK BAKELIKE IVORY,446,0.03486834857331717,0.020491351768205355,0.012283794205133855,17.192163957261037,Variant
21257 - VICTORIAN SEWING BOX MEDIUM,21258 - VICTORIAN SEWING BOX LARGE,128,0.014597333920898976,0.014266828247218245,0.0035253938525944693,16.92803962992642,Variant
85049B - LUSH GREENS RIBBONS,85049E - SCANDINAVIAN REDS RIBBONS,130,0.00930924314200727,0.022859975762917262,0.003580478131541258,16.824837812789625,Variant
85049C - ROMANTIC PINKS RIBBONS,85049E - SCANDINAVIAN REDS RIBBONS,191,0.013771069736697146,0.022859975762917262,0.00526054863941831,16.710428915662654,Variant
22055 - MINI CAKE STAND  HANGING STRAWBERY,22061 - LARGE CAKE STAND  HANGING STRAWBERY,171,0.01994050897873747,0.014211743968271455,0.004709705849950424,16.61920210715662,Variant
22624 - IVORY KITCHEN SCALES,22626 - BLACK KITCHEN SCALES,186,0.033436157320700675,0.00930924314200727,0.005122837942051339,16.458107093767975,Variant
85049E - SCANDINAVIAN REDS RIBBONS,85049G - CHOCOLATE BOX RIBBONS,191,0.022859975762917262,0.01404649113143109,0.00526054863941831,16.38277344672809,Variant
22727 - ALARM CLOCK BAKELIKE RED,22728 - ALARM CLOCK BAKELIKE PINK,594,0.03751239396276303,0.026660791010245675,0.01636003084719621,16.358229875851023,Variant
21533 - RETROSPOT LARGE MILK JUG,21535 - RED RETROSPOT SMALL MILK JUG,475,0.026275201057618155,0.030516690536520875,0.01308251624986229,16.315778519477178,Variant
47591B - SCOTTIES CHILDRENS APRON,47591C - BLUE FAIRY CAKE CHILDRENS APRON,20,0.0077393411920237964,0.004379200176269693,0.0005508427894678859,16.25282571230332,Variant
21257 - VICTORIAN SEWING BOX MEDIUM,21259 - VICTORIAN SEWING BOX SMALL,155,0.014597333920898976,0.01801255921559987,0.0042690316183761155,16.236051006866308,Variant
22501 - PICNIC BASKET WICKER LARGE,22502 - PICNIC BASKET WICKER SMALL,308,0.02090448386030627,0.025063346920788807,0.008482978957805443,16.190858416945375,Variant
84510A - SET OF 4 ENGLISH ROSE COASTERS,84510B - SET OF 4 FAIRY CAKES COASTERS,31,0.013054974110388895,0.004048694502588961,0.000853806323675223,16.15356353511869,Variant
22726 - ALARM CLOCK BAKELIKE GREEN,22728 - ALARM CLOCK BAKELIKE PINK,533,0.03486834857331717,0.026660791010245675,0.014679960339319158,15.79139412217827,Variant
21380 - WOODEN HAPPY BIRTHDAY GARLAND,21381 - MINI WOODEN HAPPY BIRTHDAY GARLAND,149,0.01790239065770629,0.01462487606037237,0.00410377878153575,15.67403158047226,Variant
22294 - HEART FILIGREE DOVE  SMALL,22295 - HEART FILIGREE DOVE LARGE,261,0.023686239947119093,0.019417208328742976,0.00718849840255591,15.629866402770906,Variant
20676 - RED RETROSPOT BOWL,21246 - RED RETROSPOT BIG BOWL,86,0.026605706731298886,0.005728765010466013,0.002368623994711909,15.540332855550247,Variant
22624 - IVORY KITCHEN SCALES,22625 - RED KITCHEN SCALES,480,0.033436157320700675,0.025944695383937424,0.01322022694722926,15.239614266676458,Variant
84970L - SINGLE HEART ZINC T-LIGHT HOLDER,84970S - HANGING HEART ZINC T-LIGHT HOLDER,642,0.029662884212845655,0.03916492233116668,0.017682053541919138,15.22025943294587,Variant
84029C - BROWN FURRY HOT WATER BOTTLE,84029G - KNITTED UNION FLAG HOT WATER BOTTLE,19,0.0012944805552495319,0.027734934449708055,0.0005233006499944916,14.57567242071457,Variant
85049A - TRADITIONAL CHRISTMAS RIBBONS,85049H - URBAN BLACK RIBBONS,89,0.0183430648892806,0.009199074584113695,0.002451250413132092,14.52685619751488,Variant
23203 - JUMBO BAG VINTAGE DOILY,23582 - VINTAGE DOILY JUMBO BAG RED,123,0.03387683155227498,0.0070783298446623335,0.0033876831552274982,14.12762645914397,Variant
85099C - JUMBO  BAG BAROQUE BLACK WHITE,85099f - JUMBO BAG STRAWBERRY,18,0.0511457530020932,0.0006885534868348573,0.0004957585105210973,14.077415185783522,Variant
22296 - HEART IVORY TRELLIS LARGE,22297 - HEART IVORY TRELLIS SMALL,309,0.02291506004186405,0.02668833314971907,0.008510521097278836,13.915977018337701,Variant
84520B - PACK 20 ENGLISH ROSE PAPER NAPKINS,84520D - PACK OF 20 FAIRY CAKE PAPER NAPKINS,26,0.01988542469979068,0.0025889611104990638,0.0007160956263082516,13.90947132669299,Variant
21258 - VICTORIAN SEWING BOX LARGE,21259 - VICTORIAN SEWING BOX SMALL,128,0.014266828247218245,0.01801255921559987,0.0035253938525944693,13.71844190192814,Variant
85049A - TRADITIONAL CHRISTMAS RIBBONS,85049G - CHOCOLATE BOX RIBBONS,123,0.0183430648892806,0.01404649113143109,0.0033876831552274982,13.14810104221869,Variant
22694 - WICKER STAR,23323 - WHITE WICKER STAR,90,0.023520987110278727,0.008097389005177922,0.0024787925526054866,13.014864025235388,Variant
15056bl - EDWARDIAN PARASOL BLACK,20679 - EDWARDIAN PARASOL RED,22,0.0023961661341853034,0.019665087584003524,0.0006059270684146745,12.859010270774979,Variant
85232A - SET/3 POLKADOT STACKING TINS,85232B - SET OF 3 BABUSHKA STACKING TINS,26,0.0038008152473284124,0.014762586757739341,0.0007160956263082516,12.76238373350638,Variant
85049A - TRADITIONAL CHRISTMAS RIBBONS,85049C - ROMANTIC PINKS RIBBONS,109,0.0183430648892806,0.013771069736697146,0.003002093202599978,11.884600600600601,Variant
85049A - TRADITIONAL CHRISTMAS RIBBONS,85049B - LUSH GREENS RIBBONS,73,0.0183430648892806,0.00930924314200727,0.0020105761815577836,11.774277235815697,Variant
85232B - SET OF 3 BABUSHKA STACKING TINS,85232D - SET/3 DECOUPAGE STACKING TINS,38,0.014762586757739341,0.0061143549630935335,0.0010466012999889832,11.59493075164717,Variant
47591B - SCOTTIES CHILDRENS APRON,47591D - PINK FAIRY CAKE CHILDRENS APRON,100,0.0077393411920237964,0.0313429547207227,0.0027542139473394293,11.354126925554604,Variant
84029E - RED WOOLLY HOTTIE WHITE HEART.,84029G - KNITTED UNION FLAG HOT WATER BOTTLE,357,0.031425581139142886,0.027734934449708055,0.009832543792001762,11.281203355651543,Variant
22197 - POPCORN HOLDER,22198 - LARGE POPCORN HOLDER,441,0.0627409937203922,0.01776467996033932,0.012146083507766883,10.897515160177225,Variant
16161P - WRAP ENGLISH ROSE,16161U - WRAP SUKI AND FRIENDS,41,0.012090999228820095,0.008758400352539386,0.001129227718409166,10.663371584934312,Variant
21171 - BATHROOM METAL SIGN,82580 - BATHROOM METAL SIGN,95,0.007160956263082516,0.03679629833645478,0.0026165032499724577,9.929928604329799,Variant
21733 - RED HANGING HEART T-LIGHT HOLDER,22804 - PINK HANGING HEART T-LIGHT HOLDER,314,0.04833645477580698,0.018425691307700783,0.008648231794645809,9.710212546684893,Variant
85049A - TRADITIONAL CHRISTMAS RIBBONS,85049F - BABY BOOM RIBBONS,54,0.0183430648892806,0.008648231794645809,0.0014872755315632918,9.375451885006024,Variant
22469 - HEART OF WICKER SMALL,22470 - HEART OF WICKER LARGE,1001,0.05896772061253718,0.05362454555469869,0.02756968161286769,8.718741176439543,Variant
85049A - TRADITIONAL CHRISTMAS RIBBONS,85049D - BRIGHT BLUES RIBBONS,62,0.0183430648892806,0.011016855789357717,0.001707612647350446,8.450060060060059,Variant
47591A - CAROUSEL CHILDRENS APRON,47591D - PINK FAIRY CAKE CHILDRENS APRON,18,0.0019279497631376006,0.0313429547207227,0.0004957585105210973,8.204167712779313,Variant
47566 - PARTY BUNTING,47566B - TEA TIME PARTY BUNTING,389,0.07293158532554808,0.020876941720832876,0.010713892255150381,7.036630423518722,Variant
22470 - HEART OF WICKER LARGE,23322 - LARGE WHITE HEART OF WICKER,202,0.05362454555469869,0.015451140244574198,0.005563512173625647,6.714673243813096,Variant
85099C - JUMBO  BAG BAROQUE BLACK WHITE,85099F - JUMBO BAG STRAWBERRY,623,0.0511457530020932,0.05037457309683816,0.017158752891924645,6.659854854461404,Variant
22469 - HEART OF WICKER SMALL,23321 - SMALL WHITE HEART OF WICKER,224,0.05896772061253718,0.01732400572876501,0.0061694392420403215,6.039250339165168,Variant
85099B - JUMBO BAG RED RETROSPOT,85099F - JUMBO BAG STRAWBERRY,1184,0.10892916161727444,0.05037457309683816,0.03260989313649884,5.9428372360183825,Variant
85099B - JUMBO BAG RED RETROSPOT,85099C - JUMBO  BAG BAROQUE BLACK WHITE,1106,0.10892916161727444,0.0511457530020932,0.03046160625757409,5.467629300279736,Variant
22470 - HEART OF WICKER LARGE,23321 - SMALL WHITE HEART OF WICKER,149,0.05362454555469869,0.01732400572876501,0.00410377878153575,4.417453617852422,Variant
22469 - HEART OF WICKER SMALL,23322 - LARGE WHITE HEART OF WICKER,143,0.05896772061253718,0.015451140244574198,0.0039385259446953836,4.32273722193221,Variant
